,商品名,商品ページへのURL,商品名（詳細）,価格（円）,発送リードタイム（納期）,ASIN
0,ブリタ 浄水 ポット カートリッジ マクストラ プラス 10個(4個+6個)セット 【日本仕様・日本正規…,https://www.amazon.co.jp/%E3%83%96%E3%83%AA%E3%82%BF-%E3%83%9D%E3%83%83%E3%83%88-%E3%82%AB%E3%83%BC%E3%83%88%E3%83%AA%E3%83%83%E3%82%B8-%E3%83%9E%E3%82%AF%E3%82%B9%E3%83%88%E3%83%A9-%E3%80%90%E6%97%A5%E6%9C%AC%E4%BB%95%E6%A7%98%E3%83%BB%E6%97%A5%E6%9C%AC%E6%AD%A3%E8%A6%8F%E5%93%81%E3%80%91/dp/B08Y927771/ref=zg_bs_kitchen_1/357-2970285-3532457?_encoding=UTF8&psc=1&refRID=E5J41RA9N8E54VN9WVRK,ブリタ 浄水 ポット カートリッジ マクストラ プラス 10個(4個+6個)セット 【日本仕様・日本正規品】 塩素 水垢 不純物 除去,7170,明日,B08Y927771
1,セラーメイト 密封瓶 保存容器 0.5L ガラス 日本製 220001,https://www.amazon.co.jp/%E3%82%BB%E3%83%A9%E3%83%BC%E3%83%A1%E3%82%A4%E3%83%88-%E5%AF%86%E5%B0%81%E3%81%B3%E3%82%93-0-5L-%E6%97%A5%E6%9C%AC%E8%A3%BD-220001/dp/B000FCHGUA/ref=zg_bs_kitchen_2/357-2970285-3532457?_encoding=UTF8&psc=1&refRID=E5J41RA9N8E54VN9WVRK,セラーメイト 密封瓶 保存容器 0.5L ガラス 日本製 220001,1000,6月4日 金曜日,B000FCHGUA
2,【Amazon.co.jp限定】タオル研究所 [ボリュームリッチ] #003 バスタオル サンドベージュ 2枚セッ…,https://www.amazon.co.jp/%E3%80%90Amazon-co-jp%E9%99%90%E5%AE%9A%E3%80%91%E3%82%BF%E3%82%AA%E3%83%AB%E7%A0%94%E7%A9%B6%E6%89%80-%E3%83%9C%E3%83%AA%E3%83%A5%E3%83%BC%E3%83%A0%E3%83%AA%E3%83%83%E3%83%81-003-%E3%82%B5%E3%83%B3%E3%83%89%E3%83%99%E3%83%BC%E3%82%B8%E3%83%A5-Technology/dp/B086WBLKTB/ref=zg_bs_kitchen_3/357-2970285-3532457?_encoding=UTF8&psc=1&refRID=E5J41RA9N8E54VN9WVRK,【Amazon.co.jp限定】タオル研究所 [ボリュームリッチ] #003 バスタオル サンドベージュ 2枚セット ふかふか ホテル仕様 高速吸水 耐久性 人気 [毛羽レス] 【選べる5色】 Japan Technology,1364,6月4日 金曜日,B086WBLKTB
3,タイガー魔法瓶 水筒 ワンタッチ マグボトル 6時間保温保冷 200ml 在宅 タンブラー利用可 アイス…,https://www.amazon.co.jp/%E3%82%BF%E3%82%A4%E3%82%AC%E3%83%BC%E9%AD%94%E6%B3%95%E7%93%B6-TIGER-%E3%83%9E%E3%82%B0%E3%83%9C%E3%83%88%E3%83%AB-MMX-A022GI-%E3%82%A2%E3%82%A4%E3%82%B9%E3%82%B0%E3%83%AA%E3%83%BC%E3%83%B3/dp/B08D92GKFR/ref=zg_bs_kitchen_4/357-2970285-3532457?_encoding=UTF8&psc=1&refRID=E5J41RA9N8E54VN9WVRK,タイガー魔法瓶 水筒 ワンタッチ マグボトル 6時間保温保冷 200ml 在宅 タンブラー利用可 アイスグリーンMMX-A022GI,2191,6月4日 金曜日,B08D92GKFR
4,【セット買い】パナソニック フェイスシェーバー フェリエ 白 ES-WF61-W & フェイスシェーバー…,https://www.amazon.co.jp/%E3%80%90%E3%82%BB%E3%83%83%E3%83%88%E8%B2%B7%E3%81%84%E3%80%91%E3%83%91%E3%83%8A%E3%82%BD%E3%83%8B%E3%83%83%E3%82%AF-%E3%83%95%E3%82%A7%E3%82%A4%E3%82%B9%E3%82%B7%E3%82%A7%E3%83%BC%E3%83%90%E3%83%BC-%E3%83%95%E3%82%A7%E3%83%AA%E3%82%A8-ES-WF61-W-ES-WF51-N/dp/B08XQ4VCTH/ref=zg_bs_kitchen_5/357-2970285-3532457?_encoding=UTF8&psc=1&refRID=E5J41RA9N8E54VN9WVRK,【セット買い】パナソニック フェイスシェーバー フェリエ 白 ES-WF61-W & フェイスシェーバー フェリエ ウブ毛用 ゴールド ES-WF51-N,7527,明日,B08XQ4VCTH
5,【Amazon.co.jp限定】タオル研究所 [毎日シンプル] #001 バスタオル ジェットブラック 2枚セッ…,https://www.amazon.co.jp/%E3%82%BF%E3%82%AA%E3%83%AB%E7%A0%94%E7%A9%B6%E6%89%80-%E6%AF%8E%E6%97%A5%E3%82%B7%E3%83%B3%E3%83%97%E3%83%AB-001-%E3%82%B8%E3%82%A7%E3%83%83%E3%83%88%E3%83%96%E3%83%A9%E3%83%83%E3%82%AF-%E7%B4%8460%C3%97120%E3%8E%9D/dp/B07X8TQ9VL/ref=zg_bs_kitchen_6/357-2970285-3532457?_encoding=UTF8&psc=1&refRID=E5J41RA9N8E54VN9WVRK,【Amazon.co.jp限定】タオル研究所 [毎日シンプル] #001 バスタオル ジェットブラック 2枚セット 高速吸水 速乾 耐久性 人気 大判 [毛羽レス] 【選べる7色】 Japan Technology,1432,6月4日 金曜日,B07X8TQ9VL
6,【セット買い】SALONIA サロニア ストレートヘアアイロン グレー 24mm アイロン 家電 美容 美…,https://www.amazon.co.jp/%E3%80%90%E3%82%BB%E3%83%83%E3%83%88%E8%B2%B7%E3%81%84%E3%80%91SALONIA-%E3%82%B5%E3%83%AD%E3%83%8B%E3%82%A2-%E3%82%B9%E3%83%88%E3%83%AC%E3%83%BC%E3%83%88%E3%83%98%E3%82%A2%E3%82%A2%E3%82%A4%E3%83%AD%E3%83%B3-MAX230%E2%84%83-SL-004SGR/dp/B08ZJB6MDK/ref=zg_bs_kitchen_7/357-2970285-3532457?_encoding=UTF8&psc=1&refRID=E5J41RA9N8E54VN9WVRK,【セット買い】SALONIA サロニア ストレートヘアアイロン グレー 24mm アイロン 家電 美容 美容家電 ヘアケア MAX230℃ プロ仕様 SL-004SGR & セラミック カール ヘアアイロン 19mm ホワイト 海外対応 プロ仕様 MAX210℃,6229,明日,B08ZJB6MDK
7,アイリスオーヤマ LED電球 口金直径26mm 広配光 40W形相当 昼光色 2個パック 密閉器具対応…,https://www.amazon.co.jp/%E3%82%A2%E3%82%A4%E3%83%AA%E3%82%B9%E3%82%AA%E3%83%BC%E3%83%A4%E3%83%9E-%E5%8F%A3%E9%87%91%E7%9B%B4%E5%BE%8426mm-40W%E5%BD%A2%E7%9B%B8%E5%BD%93-%E5%AF%86%E9%96%89%E5%99%A8%E5%85%B7%E5%AF%BE%E5%BF%9C-LDA4D-G-4T62P/dp/B07NQ61XT9/ref=zg_bs_kitchen_8/357-2970285-3532457?_encoding=UTF8&psc=1&refRID=E5J41RA9N8E54VN9WVRK,アイリスオーヤマ LED電球 口金直径26mm 広配光 40W形相当 昼光色 2個パック 密閉器具対応 LDA4D-G-4T62P,833,6月25日 - 7月5日,B07NQ61XT9
8,アイリスオーヤマ サーキュレーター 静音 首振り固定 8畳 パワフル送風 ホワイト PCF-HD15N-W,https://www.amazon.co.jp/%E3%82%A2%E3%82%A4%E3%83%AA%E3%82%B9%E3%82%AA%E3%83%BC%E3%83%A4%E3%83%9E-%E3%82%B5%E3%83%BC%E3%82%AD%E3%83%A5%E3%83%AC%E3%83%BC%E3%82%BF%E3%83%BC-8%E7%95%B3-%E3%83%9B%E3%83%AF%E3%82%A4%E3%83%88-PCF-HD15N-W/dp/B01CY3SO4Y/ref=zg_bs_kitchen_9/357-2970285-3532457?_encoding=UTF8&psc=1&refRID=E5J41RA9N8E54VN9WVRK,アイリスオーヤマ サーキュレーター 静音 首振り固定 8畳 パワフル送風 ホワイト PCF-HD15N-W,2260,6月4日 金曜日,B01CY3SO4Y
9,パナソニック エチケットカッター 白 ER-GN11-W,https://www.amazon.co.jp/%E3%83%91%E3%83%8A%E3%82%BD%E3%83%8B%E3%83%83%E3%82%AF-Panasonic-ER-GN11-W-%E3%82%A8%E3%83%81%E3%82%B1%E3%83%83%E3%83%88%E3%82%AB%E3%83%83%E3%82%BF%E3%83%BC-%E7%99%BD/dp/B07XTJGG9Y/ref=zg_bs_kitchen_10/357-2970285-3532457?_encoding=UTF8&psc=1&refRID=E5J41RA9N8E54VN9WVRK,パナソニック エチケットカッター 白 ER-GN11-W,1164,6月4日 金曜日,B07XTJGG9Y
10,オムロン 電子体温計 スピード検温15秒予測 けんおんくん MC-688 ホワイト,https://www.amazon.co.jp/%E3%82%AA%E3%83%A0%E3%83%AD%E3%83%B3-OMRON-MC-688-MC-688%E3%80%9015%E7%A7%92%E4%BA%88%E6%B8%AC%E6%A4%9C%E6%B8%A9%E3%80%91-%E3%83%95%E3%83%A9%E3%82%B9%E3%83%88%E3%83%AC%E3%83%BC%E3%82%B7%E3%83%A7%E3%83%B3%E3%83%95%E3%83%AA%E3%83%BC%E3%83%91%E3%83%83%E3%82%B1%E3%83%BC%E3%82%B8/dp/B076Q5WCPP/ref=zg_bs_kitchen_11/357-2970285-3532457?_encoding=UTF8&psc=1&refRID=E5J41RA9N8E54VN9WVRK,オムロン 電子体温計 スピード検温15秒予測 けんおんくん MC-688 ホワイト,1773,6月4日 金曜日,B076Q5WCPP
11,サーモス 水筒 真空断熱ケータイマグ ワンタッチオープンタイプ アイスグリーン 350ml JNR-351 IG,https://www.amazon.co.jp/%E3%82%B5%E3%83%BC%E3%83%A2%E3%82%B9-%E7%9C%9F%E7%A9%BA%E6%96%AD%E7%86%B1%E3%82%B1%E3%83%BC%E3%82%BF%E3%82%A4%E3%83%9E%E3%82%B0-%E3%83%AF%E3%83%B3%E3%82%BF%E3%83%83%E3%83%81%E3%82%AA%E3%83%BC%E3%83%97%E3%83%B3%E3%82%BF%E3%82%A4%E3%83%97-JNR-351-IG/dp/B07VGPGHDJ/ref=zg_bs_kitchen_12/357-2970285-3532457?_encoding=UTF8&psc=1&refRID=E5J41RA9N8E54VN9WVRK,サーモス 水筒 真空断熱ケータイマグ ワンタッチオープンタイプ アイスグリーン 350ml JNR-351 IG,1791,6月4日 金曜日,B07VGPGHDJ
12,タニタ クッキングスケール キッチン はかり 料理 デジタル 1kg 0.5g単位 ストーンホワイト KJ…,https://www.amazon.co.jp/%E3%82%BF%E3%83%8B%E3%82%BF-%E3%82%AD%E3%83%83%E3%83%81%E3%83%B3%E3%82%B9%E3%82%B1%E3%83%BC%E3%83%AB-0-5g%E5%8D%98%E4%BD%8D-%E3%82%B9%E3%83%88%E3%83%BC%E3%83%B3%E3%83%9B%E3%83%AF%E3%82%A4%E3%83%88-%E3%81%99%E3%81%90%E3%81%AB%E3%83%94%E3%82%BF%E3%83%83%E3%81%A8%E3%81%AF%E3%81%8B%E3%82%8C%E3%82%8B/dp/B087C3K94F/ref=zg_bs_kitchen_13/357-2970285-3532457?_encoding=UTF8&psc=1&refRID=E5J41RA9N8E54VN9WVRK,タニタ クッキングスケール キッチン はかり 料理 デジタル 1kg 0.5g単位 ストーンホワイト KJ-114 SWH すぐにピタッとはかれる,1920,6月4日 金曜日,B087C3K94F
13,ブリタ 浄水器 ポット 浄水部容量:1.1L(全容量:2.2L) リクエリ マクストラプラス カートリッ…,https://www.amazon.co.jp/%E3%83%96%E3%83%AA%E3%82%BF-1-1L-%E3%83%9E%E3%82%AF%E3%82%B9%E3%83%88%E3%83%A9%E3%83%97%E3%83%A9%E3%82%B9-%E3%82%AB%E3%83%BC%E3%83%88%E3%83%AA%E3%83%83%E3%82%B8-%E3%80%90%E6%97%A5%E6%9C%AC%E4%BB%95%E6%A7%98%E3%83%BB%E6%97%A5%E6%9C%AC%E6%AD%A3%E8%A6%8F%E5%93%81%E3%80%91/dp/B074P7WQJB/ref=zg_bs_kitchen_14/357-2970285-3532457?_encoding=UTF8&psc=1&refRID=E5J41RA9N8E54VN9WVRK,ブリタ 浄水器 ポット 浄水部容量:1.1L(全容量:2.2L) リクエリ マクストラプラス カートリッジ 1個付き 【日本正規品】塩素 水垢 不純物 除去,3381,6月4日 - 5日,B074P7WQJB
14,SALONIA サロニア スピーディーイオンドライヤー ネイビー ヘアドライヤー 大風量 速乾 マイナスイ…,https://www.amazon.co.jp/SALONIA-%E3%82%B5%E3%83%AD%E3%83%8B%E3%82%A2-%E3%82%B9%E3%83%94%E3%83%BC%E3%83%87%E3%82%A3%E3%83%BC%E3%82%A4%E3%82%AA%E3%83%B3%E3%83%89%E3%83%A9%E3%82%A4%E3%83%A4%E3%83%BC-%E3%83%A1%E3%83%BC%E3%82%AB%E3%83%BC1%E5%B9%B4%E4%BF%9D%E8%A8%BC-SL-013NV/dp/B08GLT74Y5/ref=zg_bs_kitchen_15/357-2970285-3532457?_encoding=UTF8&psc=1&refRID=E5J41RA9N8E54VN9WVRK,SALONIA サロニア スピーディーイオンドライヤー ネイビー ヘアドライヤー 大風量 速乾 マイナスイオン コンパクト 軽量 メーカー1年保証 SL-013NV,4973,6月4日 - 5日,B08GLT74Y5
15,ハウスホールドジャパン レジ袋 とって付 ゴミ分別用ポリ袋 100枚入 白 TR25 約15×35×マチ10cm,https://www.amazon.co.jp/%E3%83%8F%E3%82%A6%E3%82%B9%E3%83%9B%E3%83%BC%E3%83%AB%E3%83%89%E3%82%B8%E3%83%A3%E3%83%91%E3%83%B3-%E3%82%B4%E3%83%9F%E5%88%86%E5%88%A5%E7%94%A8%E3%83%9D%E3%83%AA%E8%A2%8B-100%E6%9E%9A%E5%85%A5-TR25-%E7%B4%8415%C3%9735%C3%97%E3%83%9E%E3%83%8110cm/dp/B08367PFL2/ref=zg_bs_kitchen_16/357-2970285-3532457?_encoding=UTF8&psc=1&refRID=E5J41RA9N8E54VN9WVRK,ハウスホールドジャパン レジ袋 とって付 ゴミ分別用ポリ袋 100枚入 白 TR25 約15×35×マチ10cm,110,6月4日 金曜日,B08367PFL2
16,SwitchBot スイッチボット スマートホーム 学習リモコン Alexa - Google Home IFTTT イフト Siri…,https://www.amazon.co.jp/SwitchBot-%E3%82%B9%E3%82%A4%E3%83%83%E3%83%81%E3%83%9C%E3%83%83%E3%83%88-%E3%82%B9%E3%83%9E%E3%83%BC%E3%83%88%E3%83%9B%E3%83%BC%E3%83%A0-%E5%AD%A6%E7%BF%92%E3%83%AA%E3%83%A2%E3%82%B3%E3%83%B3-Alexa/dp/B07TTH5TMW/ref=zg_bs_kitchen_17/357-2970285-3532457?_encoding=UTF8&psc=1&refRID=E5J41RA9N8E54VN9WVRK,SwitchBot スイッチボット スマートホーム 学習リモコン Alexa - Google Home IFTTT イフト Siriに対応 SwitchBot Hub Mini,3980,6月4日 金曜日,B07TTH5TMW
17,トイレ掃除 スクラビングバブル 流せる トイレブラシ 付け替え用36個セット (24個入り+12個入り)…,https://www.amazon.co.jp/%E3%80%90Amazon-co-jp-%E9%99%90%E5%AE%9A%E3%80%91%E3%80%90%E3%81%BE%E3%81%A8%E3%82%81%E8%B2%B7%E3%81%84%E3%80%91-%E3%82%B9%E3%82%AF%E3%83%A9%E3%83%93%E3%83%B3%E3%82%B0%E3%83%90%E3%83%96%E3%83%AB-%E6%B5%81%E3%81%9B%E3%82%8B%E3%83%88%E3%82%A4%E3%83%AC%E3%83%96%E3%83%A9%E3%82%B7-%E4%BB%98%E6%9B%BF%E7%94%A836%E5%80%8B%E3%82%BB%E3%83%83%E3%83%88/dp/B085SJK6J3/ref=zg_bs_kitchen_18/357-2970285-3532457?_encoding=UTF8&psc=1&refRID=E5J41RA9N8E54VN9WVRK,トイレ掃除 スクラビングバブル 流せる トイレブラシ 付け替え用36個セット (24個入り+12個入り) フローラルソープの香り まとめ買い 使い捨て 洗剤,1280,"初回配送は6月 4日, 金曜日です",B085SJK6J3
18,オムロン 体重・体組成計 自動認識機能 HBF-226-G,https://www.amazon.co.jp/%E3%82%AA%E3%83%A0%E3%83%AD%E3%83%B3-OMRON-HBF-226-G-%E4%BD%93%E9%87%8D%E4%BD%93%E7%B5%84%E6%88%90%E8%A8%88/dp/B01NBXO7XY/ref=zg_bs_kitchen_19/357-2970285-3532457?_encoding=UTF8&psc=1&refRID=E5J41RA9N8E54VN9WVRK,オムロン 体重・体組成計 自動認識機能 HBF-226-G,4809,6月4日 - 5日,B01NBXO7XY
19,アイリスオーヤマ 扇風機 首振り 風量3段階 タイマー機能付き 換気 リビング扇 ホワイト PF…,https://www.amazon.co.jp/%E3%82%A2%E3%82%A4%E3%83%AA%E3%82%B9%E3%82%AA%E3%83%BC%E3%83%A4%E3%83%9E-%E9%A2%A8%E9%87%8F3%E6%AE%B5%E9%9A%8E-%E3%82%BF%E3%82%A4%E3%83%9E%E3%83%BC%E6%A9%9F%E8%83%BD%E4%BB%98%E3%81%8D-%E3%83%AA%E3%83%93%E3%83%B3%E3%82%B0%E6%89%87-PF-301RA-W/dp/B088H9DQ9L/ref=zg_bs_kitchen_20/357-2970285-3532457?_encoding=UTF8&psc=1&refRID=E5J41RA9N8E54VN9WVRK,アイリスオーヤマ 扇風機 首振り 風量3段階 タイマー機能付き 換気 リビング扇 ホワイト PF-301RA-W,3580,6月8日 - 10日,B088H9DQ9L
20,【Amazon.co.jp 限定】クモリ(Kumori) ボックスシーツ 綿100% 毛玉なし シーツ 単品売り 洗え…,https://www.amazon.co.jp/%E3%82%AF%E3%83%A2%E3%83%AA-Kumori-%E6%8A%97%E8%8F%8C%E9%98%B2%E8%87%AD%E3%83%BB%E9%98%B2%E3%83%80%E3%83%8B-%E3%83%9E%E3%83%83%E3%83%88%E3%83%AC%E3%82%B9%E3%82%AB%E3%83%90%E3%83%BC-%E3%82%B7%E3%83%B3%E3%82%B0%E3%83%AB%E3%83%BB100X200cm/dp/B07RG8MCG5/ref=zg_bs_kitchen_21/357-2970285-3532457?_encoding=UTF8&psc=1&refRID=E5J41RA9N8E54VN9WVRK,【Amazon.co.jp 限定】クモリ(Kumori) ボックスシーツ 綿100% 毛玉なし シーツ 単品売り 洗える オールシーズン ベッド/マットレス/敷き布団対応 ベッドシーツ マットレスカバー ベッドカバー(シングル・100X200cm オリーブ),1821,6月4日 - 5日,B07RG8MCG5
21,サーモス 水筒 真空断熱スポーツボトル 0.8L ピンクスター 保冷専用 FHT-801F PKST,https://www.amazon.co.jp/%E3%82%B5%E3%83%BC%E3%83%A2%E3%82%B9-%E7%9C%9F%E7%A9%BA%E6%96%AD%E7%86%B1%E3%82%B9%E3%83%9D%E3%83%BC%E3%83%84%E3%83%9C%E3%83%88%E3%83%AB-%E3%83%94%E3%83%B3%E3%82%AF%E3%82%B9%E3%82%BF%E3%83%BC-FHT-801F-PKST/dp/B084H9FGHQ/ref=zg_bs_kitchen_22/357-2970285-3532457?_encoding=UTF8&psc=1&refRID=E5J41RA9N8E54VN9WVRK,サーモス 水筒 真空断熱スポーツボトル 0.8L ピンクスター 保冷専用 FHT-801F PKST,2918,6月4日 - 5日,B084H9FGHQ
22,タニタ 非接触体温計 BT-54X アイボリー,https://www.amazon.co.jp/%E3%82%BF%E3%83%8B%E3%82%BF-Tanita-BT-540IV-%E9%9D%9E%E6%8E%A5%E8%A7%A6%E4%BD%93%E6%B8%A9%E8%A8%88-BT-54X/dp/B08J6Y258S/ref=zg_bs_kitchen_23/357-2970285-3532457?_encoding=UTF8&psc=1&refRID=E5J41RA9N8E54VN9WVRK,タニタ 非接触体温計 BT-54X アイボリー,4300,6月4日 金曜日,B08J6Y258S
23,Bedsure カーテン 1級遮光 小窓 ドレープカーテン オレンジ 幅100cm丈110cm 2枚組 断熱 保温 省…,https://www.amazon.co.jp/Bedsure-%E3%83%89%E3%83%AC%E3%83%BC%E3%83%97%E3%82%AB%E3%83%BC%E3%83%86%E3%83%B3-%E5%B9%85100cm%E4%B8%88110cm-%E9%AB%98%E7%B4%9A%E6%84%9F%E3%81%AE%E3%81%82%E3%82%8B%E7%94%9F%E5%9C%B0-%E3%83%AA%E3%83%93%E3%83%B3%E3%82%B0%E3%83%AB%E3%83%BC%E3%83%A0/dp/B08CXTG47H/ref=zg_bs_kitchen_24/357-2970285-3532457?_encoding=UTF8&psc=1&refRID=E5J41RA9N8E54VN9WVRK,Bedsure カーテン 1級遮光 小窓 ドレープカーテン オレンジ 幅100cm丈110cm 2枚組 断熱 保温 省エネ おしゃれ 昼夜目隠し 遮光カーテン 高級感のある生地 リビングルーム,2700,6月4日 - 5日,B08CXTG47H
24,【セット買い】パナソニック 除毛器 フェリエ VIO専用シェーバー 防水 シルバー調 ES-WV60-S &…,https://www.amazon.co.jp/%E3%80%90%E3%82%BB%E3%83%83%E3%83%88%E8%B2%B7%E3%81%84%E3%80%91%E3%83%91%E3%83%8A%E3%82%BD%E3%83%8B%E3%83%83%E3%82%AF-VIO%E5%B0%82%E7%94%A8%E3%82%B7%E3%82%A7%E3%83%BC%E3%83%90%E3%83%BC-ES-WV60-S-%E3%83%95%E3%82%A7%E3%82%A4%E3%82%B9%E3%82%B7%E3%82%A7%E3%83%BC%E3%83%90%E3%83%BC-ES-WF41-S/dp/B08T9YQJSY/ref=zg_bs_kitchen_25/357-2970285-3532457?_encoding=UTF8&psc=1&refRID=E5J41RA9N8E54VN9WVRK,【セット買い】パナソニック 除毛器 フェリエ VIO専用シェーバー 防水 シルバー調 ES-WV60-S & フェイスシェーバー フェリエ シルバー ES-WF41-S,7100,明日,B08T9YQJSY
25,パナソニック ヘアドライヤー ナノケア ピンクゴールド EH-NA9E-PN,https://www.amazon.co.jp/%E3%83%91%E3%83%8A%E3%82%BD%E3%83%8B%E3%83%83%E3%82%AF-%E3%83%98%E3%82%A2%E3%83%89%E3%83%A9%E3%82%A4%E3%83%A4%E3%83%BC-%E3%83%8A%E3%83%8E%E3%82%B1%E3%82%A2-%E3%83%94%E3%83%B3%E3%82%AF%E3%82%B4%E3%83%BC%E3%83%AB%E3%83%89-EH-NA9E-PN/dp/B08F7VMVF9/ref=zg_bs_kitchen_26/357-2970285-3532457?_encoding=UTF8&psc=1&refRID=E5J41RA9N8E54VN9WVRK,パナソニック ヘアドライヤー ナノケア ピンクゴールド EH-NA9E-PN,15827,6月4日 - 5日,B08F7VMVF9
26,オムロン上腕式血圧計 ホワイト HCR-7104,https://www.amazon.co.jp/%E3%82%AA%E3%83%A0%E3%83%AD%E3%83%B3-OMRON-HCR-7104-%E3%82%AA%E3%83%A0%E3%83%AD%E3%83%B3%E4%B8%8A%E8%85%95%E5%BC%8F%E8%A1%80%E5%9C%A7%E8%A8%88-%E3%83%9B%E3%83%AF%E3%82%A4%E3%83%88/dp/B07ZVL1D9F/ref=zg_bs_kitchen_27/357-2970285-3532457?_encoding=UTF8&psc=1&refRID=E5J41RA9N8E54VN9WVRK,オムロン上腕式血圧計 ホワイト HCR-7104,5980,6月4日 金曜日,B07ZVL1D9F
27,パナソニック ラムダッシュ メンズシェーバー 3枚刃 お風呂剃り可 白 ES-ST2S-W,https://www.amazon.co.jp/%E3%83%91%E3%83%8A%E3%82%BD%E3%83%8B%E3%83%83%E3%82%AF-%E3%83%A9%E3%83%A0%E3%83%80%E3%83%83%E3%82%B7%E3%83%A5-%E3%83%A1%E3%83%B3%E3%82%BA%E3%82%B7%E3%82%A7%E3%83%BC%E3%83%90%E3%83%BC-%E3%81%8A%E9%A2%A8%E5%91%82%E5%89%83%E3%82%8A%E5%8F%AF-ES-ST2S-W/dp/B086R2JR64/ref=zg_bs_kitchen_28/357-2970285-3532457?_encoding=UTF8&psc=1&refRID=E5J41RA9N8E54VN9WVRK,パナソニック ラムダッシュ メンズシェーバー 3枚刃 お風呂剃り可 白 ES-ST2S-W,6945,6月4日 - 5日,B086R2JR64
28,レック 激コロ スゴ技カット 70周 スペア 3個入 ( カーペットクリーナー ) S-770,https://www.amazon.co.jp/%E3%83%AC%E3%83%83%E3%82%AF-%E6%BF%80%E3%82%B3%E3%83%AD-%E3%82%B9%E3%82%B4%E6%8A%80%E3%82%AB%E3%83%83%E3%83%88-%E3%82%AB%E3%83%BC%E3%83%9A%E3%83%83%E3%83%88%E3%82%AF%E3%83%AA%E3%83%BC%E3%83%8A%E3%83%BC-S-770/dp/B016UBCQAY/ref=zg_bs_kitchen_29/357-2970285-3532457?_encoding=UTF8&psc=1&refRID=E5J41RA9N8E54VN9WVRK,レック 激コロ スゴ技カット 70周 スペア 3個入 ( カーペットクリーナー ) S-770,266,6月4日 - 5日,B016UBCQAY
29,VK Living 敷きパッド 夏用 シングル リバーシブル 冷感 しきぱっと ひんやり シーツ オールシーズン…,https://www.amazon.co.jp/%E3%83%AA%E3%83%90%E3%83%BC%E3%82%B7%E3%83%96%E3%83%AB-%E3%82%AA%E3%83%BC%E3%83%AB%E3%82%B7%E3%83%BC%E3%82%BA%E3%83%B3%E3%81%A7%E4%BD%BF%E3%81%88%E3%82%8B-100%C3%97200cm-VK-Living/dp/B084ZCJG68/ref=zg_bs_kitchen_30/357-2970285-3532457?_encoding=UTF8&psc=1&refRID=E5J41RA9N8E54VN9WVRK,VK Living 敷きパッド 夏用 シングル リバーシブル 冷感 しきぱっと ひんやり シーツ オールシーズンで使える 吸湿速乾 洗える ベッドパッド 防ダニ 抗菌防臭 一年間品質保証 100×200cm グリーン,1980,6月4日 - 5日,B084ZCJG68
30,夢ゲンクールタオル (グレー),https://www.amazon.co.jp/%E5%A4%A2%E3%82%B2%E3%83%B3%E3%82%AF%E3%83%BC%E3%83%AB%E3%82%BF%E3%82%AA%E3%83%AB-K0103902-%E3%82%B0%E3%83%AC%E3%83%BC/dp/B07VYYB4HT/ref=zg_bs_kitchen_31/357-2970285-3532457?_encoding=UTF8&psc=1&refRID=E5J41RA9N8E54VN9WVRK,夢ゲンクールタオル (グレー),1650,6月4日 金曜日,B07VYYB4HT
31,ティファール ケトル 1.2L ジャスティンプラス ホワイト たっぷり 空焚き防止 自動電源OFF 湯沸か…,https://www.amazon.co.jp/%E3%83%86%E3%82%A3%E3%83%95%E3%82%A1%E3%83%BC%E3%83%AB-%E9%9B%BB%E6%B0%97%E3%82%B1%E3%83%88%E3%83%AB-%E3%80%8C%E3%82%B8%E3%83%A3%E3%82%B9%E3%83%86%E3%82%A3%E3%83%B3-%E3%82%B7%E3%83%B3%E3%83%97%E3%83%AB%E3%83%A2%E3%83%87%E3%83%AB-KO340175/dp/B00LGM4T1W/ref=zg_bs_kitchen_32/357-2970285-3532457?_encoding=UTF8&psc=1&refRID=E5J41RA9N8E54VN9WVRK,ティファール ケトル 1.2L ジャスティンプラス ホワイト たっぷり 空焚き防止 自動電源OFF 湯沸かし KO340175,3522,,B00LGM4T1W
32,2021年NEWモデル Francfranc（フランフラン）公式 フレハンディファン 携帯扇風機 手持ち扇風…,https://www.amazon.co.jp/2021%E5%B9%B4NEW%E3%83%A2%E3%83%87%E3%83%AB-Francfranc%EF%BC%88%E3%83%95%E3%83%A9%E3%83%B3%E3%83%95%E3%83%A9%E3%83%B3%EF%BC%89%E5%85%AC%E5%BC%8F-%E3%83%95%E3%83%AC%E3%83%8F%E3%83%B3%E3%83%87%E3%82%A3%E3%83%95%E3%82%A1%E3%83%B3-%E6%89%8B%E6%8C%81%E3%81%A1%E6%89%87%E9%A2%A8%E6%A9%9F-5%E6%AE%B5%E9%9A%8E%E9%A2%A8%E9%87%8F%E8%AA%BF%E6%95%B4/dp/B08ZYJFVYC/ref=zg_bs_kitchen_33/357-2970285-3532457?_encoding=UTF8&psc=1&refRID=E5J41RA9N8E54VN9WVRK,2021年NEWモデル Francfranc（フランフラン）公式 フレハンディファン 携帯扇風機 手持ち扇風機 卓上扇風機 USB充電式 5段階風量調整 (グレー),1980,6月4日 - 6日,B08ZYJFVYC
33,タニタ 体重 体組成計 スマホ 50g 日本製 ゴールド RD-915L GD 医療分野の技術搭載/スマホでデー…,https://www.amazon.co.jp/%E3%82%BF%E3%83%8B%E3%82%BF-RD-915L-%E5%8C%BB%E7%99%82%E5%88%86%E9%87%8E%E3%81%AE%E6%8A%80%E8%A1%93%E6%90%AD%E8%BC%89-%E3%82%B9%E3%83%9E%E3%83%9B%E3%81%A7%E3%83%87%E3%83%BC%E3%82%BF%E7%AE%A1%E7%90%86-%E3%82%A4%E3%83%B3%E3%83%8A%E3%83%BC%E3%82%B9%E3%82%AD%E3%83%A3%E3%83%B3%E3%83%87%E3%83%A5%E3%82%A2%E3%83%AB/dp/B08R3CFQG9/ref=zg_bs_kitchen_34/357-2970285-3532457?_encoding=UTF8&psc=1&refRID=E5J41RA9N8E54VN9WVRK,タニタ 体重 体組成計 スマホ 50g 日本製 ゴールド RD-915L GD 医療分野の技術搭載/スマホでデータ管理 インナースキャンデュアル,32398,6月4日 金曜日,B08R3CFQG9
34,タイガー 水筒 1リットル サハラ ステンレスボトル スポーツ 直飲み 広口 保冷専用 ネイビー MME…,https://www.amazon.co.jp/%E3%82%BF%E3%82%A4%E3%82%AC%E3%83%BC-%E3%82%B9%E3%83%86%E3%83%B3%E3%83%AC%E3%82%B9%E3%83%9C%E3%83%88%E3%83%AB-%E3%82%B9%E3%83%9D%E3%83%BC%E3%83%84-%E4%BF%9D%E5%86%B7%E5%B0%82%E7%94%A8-MME-F100AS/dp/B0842VS5L1/ref=zg_bs_kitchen_35/357-2970285-3532457?_encoding=UTF8&psc=1&refRID=E5J41RA9N8E54VN9WVRK,タイガー 水筒 1リットル サハラ ステンレスボトル スポーツ 直飲み 広口 保冷専用 ネイビー MME-F100AS,2855,一時的に在庫切れ; 入荷時期は未定です。,B0842VS5L1
35,アスベル ゴミ箱 エバンペダルペール45L SD ブラウン,https://www.amazon.co.jp/%E3%82%A2%E3%82%B9%E3%83%99%E3%83%AB-%E3%82%A8%E3%83%90%E3%83%B3%E3%83%9A%E3%83%80%E3%83%AB%E3%83%9A%E3%83%BC%E3%83%AB45L-SD-%E3%83%96%E3%83%A9%E3%82%A6%E3%83%B3/dp/B079ZF3JM9/ref=zg_bs_kitchen_36/357-2970285-3532457?_encoding=UTF8&psc=1&refRID=E5J41RA9N8E54VN9WVRK,アスベル ゴミ箱 エバンペダルペール45L SD ブラウン,2181,6月4日 - 5日,B079ZF3JM9
36,ニトムズ コロコロ 本体 S フロアクリン フローリング・カーペット対応 30周 1巻入 C2560,https://www.amazon.co.jp/%E3%83%8B%E3%83%88%E3%83%A0%E3%82%BA-C2560-%E3%82%B3%E3%83%AD%E3%82%B3%E3%83%AD-%E3%83%95%E3%83%AD%E3%82%A2%E3%82%AF%E3%83%AA%E3%83%B3S/dp/B001NA25QI/ref=zg_bs_kitchen_37/357-2970285-3532457?_encoding=UTF8&psc=1&refRID=E5J41RA9N8E54VN9WVRK,ニトムズ コロコロ 本体 S フロアクリン フローリング・カーペット対応 30周 1巻入 C2560,513,6月4日 - 5日,B001NA25QI
37,マーナ(MARNA) おさかなスポンジ・Y 3層構造スポンジ K170Y,https://www.amazon.co.jp/%E3%83%9E%E3%83%BC%E3%83%8A-Marna-K170Y-%E3%81%8A%E3%81%95%E3%81%8B%E3%81%AA%E3%82%B9%E3%83%9D%E3%83%B3%E3%82%B8-Y/dp/B0017LJ3I6/ref=zg_bs_kitchen_38/357-2970285-3532457?_encoding=UTF8&psc=1&refRID=E5J41RA9N8E54VN9WVRK,マーナ(MARNA) おさかなスポンジ・Y 3層構造スポンジ K170Y,149,6月4日 - 5日,B0017LJ3I6
38,アイリスオーヤマ サーキュレーター アイ mini 8畳 静音 左右首振り パワフル送風 ホワイト PCF…,https://www.amazon.co.jp/%E3%82%A2%E3%82%A4%E3%83%AA%E3%82%B9%E3%82%AA%E3%83%BC%E3%83%A4%E3%83%9E-%E3%82%B5%E3%83%BC%E3%82%AD%E3%83%A5%E3%83%AC%E3%83%BC%E3%82%BF%E3%83%BC-%E3%83%91%E3%83%AF%E3%83%95%E3%83%AB%E9%80%81%E9%A2%A8-2019%E5%B9%B4%E3%83%A2%E3%83%87%E3%83%AB-PCF-SM12-W/dp/B07Q5X8H24/ref=zg_bs_kitchen_39/357-2970285-3532457?_encoding=UTF8&psc=1&refRID=E5J41RA9N8E54VN9WVRK,アイリスオーヤマ サーキュレーター アイ mini 8畳 静音 左右首振り パワフル送風 ホワイト PCF-SM12-W,2830,6月4日 - 5日,B07Q5X8H24
39,パナソニック ボディトリマー お風呂剃り可 海外対応 男性用 シルバー調 ER-GK81-S,https://www.amazon.co.jp/%E3%83%91%E3%83%8A%E3%82%BD%E3%83%8B%E3%83%83%E3%82%AF-%E3%83%9C%E3%83%87%E3%82%A3%E3%83%88%E3%83%AA%E3%83%9E%E3%83%BC-%E3%81%8A%E9%A2%A8%E5%91%82%E5%89%83%E3%82%8A%E5%8F%AF-%E3%82%B7%E3%83%AB%E3%83%90%E3%83%BC%E8%AA%BF-ER-GK81-S/dp/B088G4DSY5/ref=zg_bs_kitchen_40/357-2970285-3532457?_encoding=UTF8&psc=1&refRID=E5J41RA9N8E54VN9WVRK,パナソニック ボディトリマー お風呂剃り可 海外対応 男性用 シルバー調 ER-GK81-S,8822,6月11日 - 12日,B088G4DSY5
40,三菱ケミカル・クリンスイ 浄水器 カートリッジ 交換用 MONOシリーズ ホワイト 約高さ9×直…,https://www.amazon.co.jp/%E4%B8%89%E8%8F%B1%E3%82%B1%E3%83%9F%E3%82%AB%E3%83%AB%E3%83%BB%E3%82%AF%E3%83%AA%E3%83%B3%E3%82%B9%E3%82%A4-%E3%82%AF%E3%83%AA%E3%83%B3%E3%82%B9%E3%82%A4%E3%83%A2%E3%83%8E%E3%82%B7%E3%83%AA%E3%83%BC%E3%82%BA%E7%94%A8%E4%BA%A4%E6%8F%9B%E3%82%AB%E3%83%BC%E3%83%88%E3%83%AA%E3%83%83%E3%82%B8-%E3%82%B9%E3%83%BC%E3%83%91%E3%83%BC%E3%83%8F%E3%82%A4%E3%82%B0%E3%83%AC%E3%83%BC%E3%83%89%E9%99%A4%E5%8E%BB%E7%89%A9%E8%B3%AA13-2%E5%80%8B%E5%85%A5-MDC01SW/dp/B003AZZS4K/ref=zg_bs_kitchen_41/357-2970285-3532457?_encoding=UTF8&psc=1&refRID=E5J41RA9N8E54VN9WVRK,三菱ケミカル・クリンスイ 浄水器 カートリッジ 交換用 MONOシリーズ ホワイト 約高さ9×直径5.5cm 13+2物質除去 MDCO1SW 2入,4573,6月4日 - 5日,B003AZZS4K
41,無印良品 乳液 敏感肌用 さっぱりタイプ 大容量 400mL 44293980 クリーム,https://www.amazon.co.jp/%E7%84%A1%E5%8D%B0%E8%89%AF%E5%93%81-%E6%95%8F%E6%84%9F%E8%82%8C%E7%94%A8-%E3%81%95%E3%81%A3%E3%81%B1%E3%82%8A%E3%82%BF%E3%82%A4%E3%83%97-400mL-44293980/dp/B092HZSTP9/ref=zg_bs_kitchen_42/357-2970285-3532457?_encoding=UTF8&psc=1&refRID=E5J41RA9N8E54VN9WVRK,無印良品 乳液 敏感肌用 さっぱりタイプ 大容量 400mL 44293980 クリーム,980,6月5日 土曜日,B092HZSTP9
42,レック セスキ の 激落ちくんシート キッチン用 (4個パック) SS-291 & Ba 水の激落ちシート IH &…,https://www.amazon.co.jp/%E3%83%AC%E3%83%83%E3%82%AF-%E6%BF%80%E8%90%BD%E3%81%A1%E3%81%8F%E3%82%93%E3%82%B7%E3%83%BC%E3%83%88-%E6%B0%B4%E3%81%AE%E6%BF%80%E8%90%BD%E3%81%A1%E3%82%B7%E3%83%BC%E3%83%88-%E3%82%A2%E3%83%AB%E3%82%AB%E3%83%AA%E9%9B%BB%E8%A7%A3%E6%B0%B4%E4%BD%BF%E7%94%A8-SS-169%E3%80%90%E3%82%BB%E3%83%83%E3%83%88%E8%B2%B7%E3%81%84%E3%80%91/dp/B08LDYB3P8/ref=zg_bs_kitchen_43/357-2970285-3532457?_encoding=UTF8&psc=1&refRID=E5J41RA9N8E54VN9WVRK,レック セスキ の 激落ちくんシート キッチン用 (4個パック) SS-291 & Ba 水の激落ちシート IH & ガスコンロ 20枚入 (アルカリ電解水使用) SS-169【セット買い】,572,明日,B08LDYB3P8
43,マキタ コードレス掃除機CL108 カプセル式 標準25分稼働/充電22分 軽量定番モデル 10.8Vバッ…,https://www.amazon.co.jp/%E3%83%9E%E3%82%AD%E3%82%BF-Makita-%E5%85%85%E9%9B%BB%E5%BC%8F%E3%82%AF%E3%83%AA%E3%83%BC%E3%83%8A%E3%83%BC-%E3%83%90%E3%83%83%E3%83%86%E3%83%AA%E3%83%BC%E3%83%BB%E5%85%85%E9%9B%BB%E5%99%A8%E4%BB%98-CL108FDSHW/dp/B07GWY3HYD/ref=zg_bs_kitchen_44/357-2970285-3532457?_encoding=UTF8&psc=1&refRID=E5J41RA9N8E54VN9WVRK,マキタ コードレス掃除機CL108 カプセル式 標準25分稼働/充電22分 軽量定番モデル 10.8Vバッテリ充電器付 CL108FDSHW,13800,6月4日 - 5日,B07GWY3HYD
44,サーモス 水筒 真空断熱スポーツボトル ドットピンク 0.8L FHT-800F D-P,https://www.amazon.co.jp/%E3%82%B5%E3%83%BC%E3%83%A2%E3%82%B9-%E7%9C%9F%E7%A9%BA%E6%96%AD%E7%86%B1%E3%82%B9%E3%83%9D%E3%83%BC%E3%83%84%E3%83%9C%E3%83%88%E3%83%AB-%E3%83%89%E3%83%83%E3%83%88%E3%83%94%E3%83%B3%E3%82%AF-FHT-800F-D-P/dp/B07NGFCBZG/ref=zg_bs_kitchen_45/357-2970285-3532457?_encoding=UTF8&psc=1&refRID=E5J41RA9N8E54VN9WVRK,サーモス 水筒 真空断熱スポーツボトル ドットピンク 0.8L FHT-800F D-P,2780,6月4日 - 5日,B07NGFCBZG
45,【Amazon.co.jp限定】山善 扇風機 30cm リビング扇 押しボタンスイッチ 風量調節3段階 タイマ…,https://www.amazon.co.jp/%E3%80%90Amazon-co-jp%E9%99%90%E5%AE%9A%E3%80%91%E5%B1%B1%E5%96%84-%E6%8A%BC%E3%81%97%E3%83%9C%E3%82%BF%E3%83%B3%E3%82%B9%E3%82%A4%E3%83%83%E3%83%81-%E9%A2%A8%E9%87%8F%E8%AA%BF%E7%AF%803%E6%AE%B5%E9%9A%8E-%E3%82%BF%E3%82%A4%E3%83%9E%E3%83%BC%E6%A9%9F%E8%83%BD%E4%BB%98%E3%81%8D-AMT-KC30/dp/B07PT46Y3X/ref=zg_bs_kitchen_46/357-2970285-3532457?_encoding=UTF8&psc=1&refRID=E5J41RA9N8E54VN9WVRK,【Amazon.co.jp限定】山善 扇風機 30cm リビング扇 押しボタンスイッチ 風量調節3段階 タイマー機能付き 換気 ホワイト AMT-KC30(W),4999,6月4日 - 5日,B07PT46Y3X
46,【Amazon限定ブランド】Imtykee デジタルスケール キッチンスケール 0.1g単位 電子スケール ク…,https://www.amazon.co.jp/%E3%83%87%E3%82%B8%E3%82%BF%E3%83%AB%E3%82%B9%E3%82%B1%E3%83%BC%E3%83%AB-%E3%82%AD%E3%83%83%E3%83%81%E3%83%B3%E3%82%B9%E3%82%B1%E3%83%BC%E3%83%AB-%E3%82%AF%E3%83%83%E3%82%AD%E3%83%B3%E3%82%B0%E3%82%B9%E3%82%B1%E3%83%BC%E3%83%AB-0-1g%E3%81%8B%E3%82%893-0kg%E3%81%BE%E3%81%A7-%E8%A8%88%E9%87%8F%E5%8F%AF%E8%83%BD%E9%A2%A8%E8%A2%8B%E5%BC%95%E3%81%8D%E6%A9%9F%E8%83%BD/dp/B075FKRDD2/ref=zg_bs_kitchen_47/357-2970285-3532457?_encoding=UTF8&psc=1&refRID=E5J41RA9N8E54VN9WVRK,【Amazon限定ブランド】Imtykee デジタルスケール キッチンスケール 0.1g単位 電子スケール クッキングスケール 精密電子はかり 計量器 電子天秤 0.5gから3.0kgまで コンパクト 計量可能風袋引き機能 オートオフ機能 多用途超小型 シルバー,849,6月6日 日曜日,B075FKRDD2
47,アイリスオーヤマ サーキュレーター アイ 静音 上下左右首振り 18畳 パワフル送風 リモコン付き…,https://www.amazon.co.jp/%E3%82%A2%E3%82%A4%E3%83%AA%E3%82%B9%E3%82%AA%E3%83%BC%E3%83%A4%E3%83%9E-%E3%82%B5%E3%83%BC%E3%82%AD%E3%83%A5%E3%83%AC%E3%83%BC%E3%82%BF%E3%83%BC-%E5%BC%B7%E5%8A%9B%E9%80%81%E9%A2%A8-%E4%B8%8A%E4%B8%8B%E5%B7%A6%E5%8F%B3%E9%A6%96%E6%8C%AF%E3%82%8A-PCF-SC15T/dp/B079LWYC17/ref=zg_bs_kitchen_48/357-2970285-3532457?_encoding=UTF8&psc=1&refRID=E5J41RA9N8E54VN9WVRK,アイリスオーヤマ サーキュレーター アイ 静音 上下左右首振り 18畳 パワフル送風 リモコン付き PCF-SC15T ホワイト/ブラック,6681,6月4日 - 5日,B079LWYC17
48,東洋アルミ 整流板付専用パッと貼るだけスーパーフィルター 3074 & 東洋アルミ アレルブロックフ…,https://www.amazon.co.jp/%E6%9D%B1%E6%B4%8B%E3%82%A2%E3%83%AB%E3%83%9F-%E6%95%B4%E6%B5%81%E6%9D%BF%E4%BB%98%E5%B0%82%E7%94%A8%E3%83%91%E3%83%83%E3%81%A8%E8%B2%BC%E3%82%8B%E3%81%A0%E3%81%91%E3%82%B9%E3%83%BC%E3%83%91%E3%83%BC%E3%83%95%E3%82%A3%E3%83%AB%E3%82%BF%E3%83%BC-%E3%82%A2%E3%83%AC%E3%83%AB%E3%83%96%E3%83%AD%E3%83%83%E3%82%AF%E3%83%95%E3%82%A3%E3%83%AB%E3%82%BF%E3%83%BC-%E7%B4%8421%C3%9721cm-2%E6%9E%9A%E5%85%A5%E3%80%90%E3%82%BB%E3%83%83%E3%83%88%E8%B2%B7%E3%81%84%E3%80%91/dp/B08TD6FM7G/ref=zg_bs_kitchen_49/357-2970285-3532457?_encoding=UTF8&psc=1&refRID=E5J41RA9N8E54VN9WVRK,東洋アルミ 整流板付専用パッと貼るだけスーパーフィルター 3074 & 東洋アルミ アレルブロックフィルター 約21×21cm 屋外の通気口用 花粉をキャッチ 24時間換気対応 5403 2枚入【セット買い】,924,明日,B08TD6FM7G
49,【Amazon.co.jp 限定】チチロバ(TITIROBA) バスマット 珪藻土バスマット 風呂マット 足ふきマッ…,https://www.amazon.co.jp/%E3%83%81%E3%83%81%E3%83%AD%E3%83%90-Titiroba-%E7%8F%AA%E8%97%BB%E5%9C%9F%E3%83%90%E3%82%B9%E3%83%9E%E3%83%83%E3%83%88-%E3%82%AD%E3%83%83%E3%83%81%E3%83%B3%E3%83%9E%E3%83%83%E3%83%88-DS-01-G/dp/B07YXDT3ZF/ref=zg_bs_kitchen_50/357-2970285-3532457?_encoding=UTF8&psc=1&refRID=E5J41RA9N8E54VN9WVRK,【Amazon.co.jp 限定】チチロバ(TITIROBA) バスマット 珪藻土バスマット 風呂マット 足ふきマット 速乾 調湿 吸水性 珪藻土 キッチンマット 洗濯不要 滑り止め 浴室 洗面所 グレー DS-01-G,1828,6月4日 - 5日,B07YXDT3ZF
50,パッと貼るだけホコリとりフィルター換気扇用15cm 6枚入×10点,https://www.amazon.co.jp/%E6%9D%B1%E6%B4%8B%E3%82%A2%E3%83%AB%E3%83%9F-%E3%83%91%E3%83%83%E3%81%A8%E8%B2%BC%E3%82%8B%E3%81%A0%E3%81%91%E3%83%9B%E3%82%B3%E3%83%AA%E3%81%A8%E3%82%8A%E3%83%95%E3%82%A3%E3%83%AB%E3%82%BF%E3%83%BC%E6%8F%9B%E6%B0%97%E6%89%87%E7%94%A815cm-6%E6%9E%9A%E5%85%A5%C3%9710%E7%82%B9/dp/B0829S65LW/ref=zg_bs_kitchen_51?_encoding=UTF8&psc=1&refRID=27AHY3DED5DHHWZ4FV6E,パッと貼るだけホコリとりフィルター換気扇用15cm 6枚入×10点,2480,6月4日 金曜日,B0829S65LW
51,クイックルワイパー ブラックカラー フロア用掃除道具 本体+シート1種類(STRONG) 軽い力でスイ…,https://www.amazon.co.jp/%E3%82%AF%E3%82%A4%E3%83%83%E3%82%AF%E3%83%AB%E3%83%AF%E3%82%A4%E3%83%91%E3%83%BC-%E3%83%96%E3%83%A9%E3%83%83%E3%82%AF%E3%82%AB%E3%83%A9%E3%83%BC-%E3%83%95%E3%83%AD%E3%82%A2%E7%94%A8%E6%8E%83%E9%99%A4%E9%81%93%E5%85%B7-%E8%BB%BD%E3%81%84%E5%8A%9B%E3%81%A7%E3%82%B9%E3%82%A4%E3%82%B9%E3%82%A4%E3%81%8B%E3%82%93%E3%81%9F%E3%82%93-%E6%B1%9A%E3%82%8C%E3%82%92%E3%83%91%E3%83%AF%E3%83%95%E3%83%AB%E6%8D%95%E9%9B%86/dp/B086H34V2R/ref=zg_bs_kitchen_52?_encoding=UTF8&psc=1&refRID=27AHY3DED5DHHWZ4FV6E,クイックルワイパー ブラックカラー フロア用掃除道具 本体+シート1種類(STRONG) 軽い力でスイスイかんたん! 汚れをパワフル捕集!,1540,"初回配送は6月 4日, 金曜日です",B086H34V2R
52,クイックルハンディ替え 大容量パック 12枚,https://www.amazon.co.jp/%E3%82%AF%E3%82%A4%E3%83%83%E3%82%AF%E3%83%AB-%E3%82%AF%E3%82%A4%E3%83%83%E3%82%AF%E3%83%AB%E3%83%8F%E3%83%B3%E3%83%87%E3%82%A3%E6%9B%BF%E3%81%88-%E5%A4%A7%E5%AE%B9%E9%87%8F%E3%83%91%E3%83%83%E3%82%AF-12%E6%9E%9A/dp/B07GQPQTJG/ref=zg_bs_kitchen_53?_encoding=UTF8&psc=1&refRID=27AHY3DED5DHHWZ4FV6E,クイックルハンディ替え 大容量パック 12枚,979,"初回配送は6月 4日, 金曜日です",B07GQPQTJG
53,サーモス 保冷缶ホルダー 350ml缶用 オレンジ JCB-352 OR,https://www.amazon.co.jp/%E3%82%B5%E3%83%BC%E3%83%A2%E3%82%B9-%E4%BF%9D%E5%86%B7%E7%BC%B6%E3%83%9B%E3%83%AB%E3%83%80%E3%83%BC-350ml%E7%BC%B6%E7%94%A8-%E3%82%AA%E3%83%AC%E3%83%B3%E3%82%B8-JCB-352/dp/B0793M7MRV/ref=zg_bs_kitchen_54?_encoding=UTF8&psc=1&refRID=27AHY3DED5DHHWZ4FV6E,サーモス 保冷缶ホルダー 350ml缶用 オレンジ JCB-352 OR,1300,6月4日 - 5日,B0793M7MRV
54,レック セスキ の 激落ちくんシート フローリング 用 (4個パック) SS-292 & Ba 除菌ができる 食卓…,https://www.amazon.co.jp/%E3%83%AC%E3%83%83%E3%82%AF-%E6%BF%80%E8%90%BD%E3%81%A1%E3%81%8F%E3%82%93%E3%82%B7%E3%83%BC%E3%83%88-%E3%83%95%E3%83%AD%E3%83%BC%E3%83%AA%E3%83%B3%E3%82%B0-%E3%82%A2%E3%83%AB%E3%82%B3%E3%83%BC%E3%83%AB%E9%99%A4%E8%8F%8C-SS-173%E3%80%90%E3%82%BB%E3%83%83%E3%83%88%E8%B2%B7%E3%81%84%E3%80%91/dp/B08NY9LMWP/ref=zg_bs_kitchen_55?_encoding=UTF8&psc=1&refRID=27AHY3DED5DHHWZ4FV6E,レック セスキ の 激落ちくんシート フローリング 用 (4個パック) SS-292 & Ba 除菌ができる 食卓 ・ キッチン ふきん 15枚入 (アルコール除菌) SS-173【セット買い】,601,明日,B08NY9LMWP
55,Hansleep カーテン 1級遮光 2枚組 イェロー 幅100cm丈110cm 小窓 断熱 防寒 防音 省エネ 厚…,https://www.amazon.co.jp/Hansleep-%E3%82%AB%E3%83%BC%E3%83%86%E3%83%B3-1%E7%B4%9A%E9%81%AE%E5%85%89-%E5%B9%85100cm%E4%B8%88110cm-%E3%83%AA%E3%83%93%E3%83%B3%E3%82%B0%E7%94%A8/dp/B08JD6845Q/ref=zg_bs_kitchen_56?_encoding=UTF8&psc=1&refRID=27AHY3DED5DHHWZ4FV6E,Hansleep カーテン 1級遮光 2枚組 イェロー 幅100cm丈110cm 小窓 断熱 防寒 防音 省エネ 厚手 無地 おしゃれ 洗える 寝室 リビング用,2080,6月4日 - 5日,B08JD6845Q
56,GTRACING ゲーミングチェア オフィスチェア デスクチェア ゲーム用チェア リクライニング パソ…,https://www.amazon.co.jp/GTRACING-%E3%82%B2%E3%83%BC%E3%83%9F%E3%83%B3%E3%82%B0%E3%83%81%E3%82%A7%E3%82%A2-%E3%82%AA%E3%83%95%E3%82%A3%E3%82%B9%E3%83%81%E3%82%A7%E3%82%A2-%E3%83%A9%E3%83%B3%E3%83%90%E3%83%BC%E3%82%B5%E3%83%9D%E3%83%BC%E3%83%88-GT002-ORANGE/dp/B092MLWRBV/ref=zg_bs_kitchen_57?_encoding=UTF8&psc=1&refRID=27AHY3DED5DHHWZ4FV6E,GTRACING ゲーミングチェア オフィスチェア デスクチェア ゲーミングチェア クッション ゲーム用チェア リクライニング パソコンチェア ハイバック ヘッドレスト ランバーサポート ひじ掛け付き 高さ調整機能 PUレザー (GT002-ORANGE),19800,6月4日 - 5日,B092MLWRBV
57,東洋アルミ(TOYO ALUMINIUM) ほこり取り ホワイト 5個 パッと貼るだけ! ホコリとりフィルター…,https://www.amazon.co.jp/%E6%9D%B1%E6%B4%8B%E3%82%A2%E3%83%AB%E3%83%9F-ALUMINIUM-%E3%83%9B%E3%82%B3%E3%83%AA%E3%81%A8%E3%82%8A%E3%83%95%E3%82%A3%E3%83%AB%E3%82%BF%E3%83%BC-%E6%95%B4%E6%B5%81%E6%9D%BF%E4%BB%98%E5%B0%82%E7%94%A8%E3%83%91%E3%83%83%E3%81%A8%E8%B2%BC%E3%82%8B%E3%81%A0%E3%81%91%E3%82%B9%E3%83%BC%E3%83%91%E3%83%BC%E3%83%95%E3%82%A3%E3%83%AB%E3%82%BF%E3%83%BC-3074%E3%80%90%E3%82%BB%E3%83%83%E3%83%88%E8%B2%B7%E3%81%84%E3%80%91/dp/B08TDHWSBY/ref=zg_bs_kitchen_58?_encoding=UTF8&psc=1&refRID=27AHY3DED5DHHWZ4FV6E,東洋アルミ(TOYO ALUMINIUM) ほこり取り ホワイト 5個 パッと貼るだけ! ホコリとりフィルター 換気扇用 5個セット & 整流板付専用パッと貼るだけスーパーフィルター 3074【セット買い】,2057,明日,B08TDHWSBY
58,アイリスプラザ レースカーテン UVカット プライバシーカット 外から見えにくい 断熱 保温 2枚組…,https://www.amazon.co.jp/%E3%80%90%E5%85%A830%E7%A8%AE%E3%80%91%E3%83%AC%E3%83%BC%E3%82%B9%E3%82%AB%E3%83%BC%E3%83%86%E3%83%B3-UV%E3%82%AB%E3%83%83%E3%83%88-%E5%A4%96%E3%81%8B%E3%82%89%E8%A6%8B%E3%81%88%E3%81%AB%E3%81%8F%E3%81%84-%E5%B9%85100cm%C3%97%E4%B8%8898cm-%E3%83%95%E3%83%A9%E3%83%AF%E3%83%BC/dp/B074C7FDZC/ref=zg_bs_kitchen_59?_encoding=UTF8&psc=1&refRID=27AHY3DED5DHHWZ4FV6E,アイリスプラザ レースカーテン UVカット プライバシーカット 外から見えにくい 断熱 保温 2枚組 洗える 洗濯機対応 幅100cm×丈98cm フラワー,1981,6月4日 - 5日,B074C7FDZC
59,HARIO (ハリオ) フィルターインボトル ミニ 300ml オフホワイト FIB-30-OW,https://www.amazon.co.jp/HARIO-%E3%83%8F%E3%83%AA%E3%82%AA-%E3%83%95%E3%82%A3%E3%83%AB%E3%82%BF%E3%83%BC%E3%82%A4%E3%83%B3%E3%83%9C%E3%83%88%E3%83%AB-%E3%82%AA%E3%83%95%E3%83%9B%E3%83%AF%E3%82%A4%E3%83%88-FIB-30-OW/dp/B06Y2SJKCV/ref=zg_bs_kitchen_60?_encoding=UTF8&psc=1&refRID=27AHY3DED5DHHWZ4FV6E,HARIO (ハリオ) フィルターインボトル ミニ 300ml オフホワイト FIB-30-OW,1980,6月4日 - 5日,B06Y2SJKCV
60,iwaki(イワキ) 耐熱ガラス ボウル 丸型 外径18cm 900ml KBC322,https://www.amazon.co.jp/iwaki-%E8%80%90%E7%86%B1%E3%82%AC%E3%83%A9%E3%82%B9-900ml-%E5%A4%96%E5%BE%8418cm-KBC322/dp/B000UDNFH2/ref=zg_bs_kitchen_61?_encoding=UTF8&psc=1&refRID=27AHY3DED5DHHWZ4FV6E,iwaki(イワキ) 耐熱ガラス ボウル 丸型 外径18cm 900ml KBC322,609,6月4日 - 5日,B000UDNFH2
61,AYO 枕 ホテル仕様 高反発枕 横向き対応 丸洗い可能 立体構造43x63cm 家族のプレゼント ホワイ…,https://www.amazon.co.jp/AYO-%E7%AB%8B%E4%BD%93%E6%A7%8B%E9%80%A043x63cm-%E5%AE%B6%E6%97%8F%E3%81%AE%E3%83%97%E3%83%AC%E3%82%BC%E3%83%B3%E3%83%88-%E9%95%B7%E3%81%9563cm-%E5%B9%8543cm%E9%AB%98%E3%81%9518cm/dp/B08K3B1PWN/ref=zg_bs_kitchen_62?_encoding=UTF8&psc=1&refRID=27AHY3DED5DHHWZ4FV6E,AYO 枕 ホテル仕様 高反発枕 横向き対応 丸洗い可能 立体構造43x63cm 家族のプレゼント ホワイト(長さ63cm*幅43cm高さ18cm),2880,"初回配送は6月 4日, 金曜日です",B08K3B1PWN
62,極涼 敷きパッド 接触冷感 QMAX0.5 夏 ひんやり 抗菌 涼感 3.8倍冷たい 瞬間冷却 クール 吸水速乾…,https://www.amazon.co.jp/TOBEST-%E6%95%B7%E3%81%8D%E3%83%91%E3%83%83%E3%83%89-%E6%8E%A5%E8%A7%A6%E5%86%B7%E6%84%9F-QMAX0-5-3-8%E5%80%8D%E5%86%B7%E3%81%9F%E3%81%84/dp/B07S5RLHPG/ref=zg_bs_kitchen_63?_encoding=UTF8&psc=1&refRID=27AHY3DED5DHHWZ4FV6E,極涼 敷きパッド 接触冷感 QMAX0.5 夏 ひんやり 抗菌 涼感 3.8倍冷たい 瞬間冷却 クール 吸水速乾 丸洗い tobest ブルー シングル 100x205cm,2480,6月4日 - 5日,B07S5RLHPG
63,【Amazon.co.jp 限定】スリーエム(3M) キッチン スポンジ 抗菌 キズをつけない ロング 6個 スコ…,https://www.amazon.co.jp/3M-%E3%82%B9%E3%82%B3%E3%83%83%E3%83%81%E3%83%96%E3%83%A9%E3%82%A4%E3%83%88-%E3%82%AD%E3%83%83%E3%83%81%E3%83%B3%E3%82%AB%E3%83%A9%E3%83%BC%E3%82%B9%E3%83%9D%E3%83%B3%E3%82%B8%E3%81%9F%E3%82%8F%E3%81%97-6%E5%80%8B%E3%83%91%E3%83%83%E3%82%AF-SS-74K/dp/B01N0655HN/ref=zg_bs_kitchen_64?_encoding=UTF8&psc=1&refRID=27AHY3DED5DHHWZ4FV6E,【Amazon.co.jp 限定】スリーエム(3M) キッチン スポンジ 抗菌 キズをつけない ロング 6個 スコッチブライト SS-74K,878,"初回配送は6月 4日, 金曜日です",B01N0655HN
64,タニタ キッチン タイマー マグネット付き 大画面 100分 イエロー TD-384 YL でか見えタイマー,https://www.amazon.co.jp/%E3%82%BF%E3%83%8B%E3%82%BF-%E3%82%BF%E3%82%A4%E3%83%9E%E3%83%BC-100%E5%88%86-TD-384-%E3%81%A7%E3%81%8B%E8%A6%8B%E3%81%88%E3%82%BF%E3%82%A4%E3%83%9E%E3%83%BC/dp/B000BHLSN0/ref=zg_bs_kitchen_65?_encoding=UTF8&psc=1&refRID=27AHY3DED5DHHWZ4FV6E,タニタ キッチン タイマー マグネット付き 大画面 100分 イエロー TD-384 YL でか見えタイマー,555,6月5日 土曜日,B000BHLSN0
65,アイリスオーヤマ 扇風機 タワーファン スリム 左右自動首振り パワフル送風 風量3段階 タイマー付…,https://www.amazon.co.jp/%E3%82%A2%E3%82%A4%E3%83%AA%E3%82%B9%E3%82%AA%E3%83%BC%E3%83%A4%E3%83%9E-%E3%82%BF%E3%83%AF%E3%83%BC%E3%83%95%E3%82%A1%E3%83%B3-%E5%B7%A6%E5%8F%B3%E8%87%AA%E5%8B%95%E9%A6%96%E6%8C%AF%E3%82%8A-2019%E5%B9%B4%E3%83%A2%E3%83%87%E3%83%AB-TWF-M73/dp/B07Q1FL8LL/ref=zg_bs_kitchen_66?_encoding=UTF8&psc=1&refRID=27AHY3DED5DHHWZ4FV6E,アイリスオーヤマ 扇風機 タワーファン スリム 左右自動首振り パワフル送風 風量3段階 タイマー付き メカ式 ホワイト TWF-M73,3781,6月4日 - 5日,B07Q1FL8LL
66,アイリスオーヤマ LEDシーリングライト 調光 ~6畳 (日本照明工業会基準) 3300lm 直径45cm リモ…,https://www.amazon.co.jp/%E3%82%A2%E3%82%A4%E3%83%AA%E3%82%B9%E3%82%AA%E3%83%BC%E3%83%A4%E3%83%9E-LED-%E3%82%B7%E3%83%BC%E3%83%AA%E3%83%B3%E3%82%B0%E3%83%A9%E3%82%A4%E3%83%88-%E3%82%BF%E3%82%A4%E3%83%97-CL6D-5-0/dp/B01I0WV9TA/ref=zg_bs_kitchen_67?_encoding=UTF8&psc=1&refRID=27AHY3DED5DHHWZ4FV6E,アイリスオーヤマ LEDシーリングライト 調光 ~6畳 (日本照明工業会基準) 3300lm 直径45cm リモコン 省エネ 取付簡単 CL6D-5.0,3780,6月4日 金曜日,B01I0WV9TA
67,Vacplus ふとん 圧縮袋 3枚組【 100×80cm×3枚 ポンプ付き 終身交換承り】 衣類圧縮袋 布団圧縮…,https://www.amazon.co.jp/Vacplus-%E3%81%B5%E3%81%A8%E3%82%93%E5%9C%A7%E7%B8%AE%E8%A2%8B-%E7%B5%82%E8%BA%AB%E4%BA%A4%E6%8F%9B%E6%89%BF%E3%82%8A%E3%80%91%E9%98%B2%E5%A1%B5%E9%98%B2%E6%B9%BF-%E3%82%AB%E3%83%93%E3%80%81%E3%83%80%E3%83%8B%E5%AF%BE%E7%AD%96-%E7%9C%9F%E7%A9%BA%E3%83%91%E3%83%83%E3%82%AF%EF%BC%88%E3%83%91%E3%82%A4%E3%83%8A%E3%83%83%E3%83%97%E3%83%AB/dp/B07G196TQ7/ref=zg_bs_kitchen_68?_encoding=UTF8&psc=1&refRID=27AHY3DED5DHHWZ4FV6E,Vacplus ふとん 圧縮袋 3枚組【 100×80cm×3枚 ポンプ付き 終身交換承り】 衣類圧縮袋 布団圧縮袋 ダニ、カビ対策 (100×80cm),1280,6月4日 - 5日,B07G196TQ7
68,下村工業 日本製 ヴェルダン 三徳 包丁 165mm モリブデン バナジウム 鋼 食洗機 対応 OVD-11 新潟 燕三条製 + 【Amazon.co.jp限定】下村工業 日…,https://www.amazon.co.jp/%E4%B8%8B%E6%9D%91%E5%B7%A5%E6%A5%AD-OVD-11-%E3%80%90Amazon-co-jp%E9%99%90%E5%AE%9A%E3%80%91%E4%B8%8B%E6%9D%91%E5%B7%A5%E6%A5%AD-OVB-103-%E7%87%95%E4%B8%89%E6%9D%A1%E8%A3%BD%E3%80%90%E3%82%BB%E3%83%83%E3%83%88%E8%B2%B7%E3%81%84%E3%80%91/dp/B08Y99YWVT/ref=zg_bs_kitchen_69?_encoding=UTF8&psc=1&refRID=27AHY3DED5DHHWZ4FV6E,下村工業 日本製 ヴェルダン 三徳 包丁 165mm モリブデン バナジウム 鋼 食洗機 対応 OVD-11 新潟 燕三条製 + 【Amazon.co.jp限定】下村工業 日本製 ヴェルダン ブラック ペティ ナイフ 125mm モリブデン バナジウム 鋼 食洗機 対応 OVB-103 新潟 燕三条製【セット買い】,4619,明日,B08Y99YWVT
69,サーモス 真空断熱タンブラー 340ml ステンレス JDE-340 S,https://www.amazon.co.jp/%E3%82%B5%E3%83%BC%E3%83%A2%E3%82%B9-THERMOS-%E3%82%BF%E3%83%B3%E3%83%96%E3%83%A9%E3%83%BC-%E3%82%B9%E3%83%86%E3%83%B3%E3%83%AC%E3%82%B9-JDE-340/dp/B01B44XRZA/ref=zg_bs_kitchen_70?_encoding=UTF8&psc=1&refRID=27AHY3DED5DHHWZ4FV6E,サーモス 真空断熱タンブラー 340ml ステンレス JDE-340 S,1364,6月4日 - 5日,B01B44XRZA
70,サーモス デュラブルシリーズ 玉子焼きフライパン 13cm レッド IH対応 KFF-013E R,https://www.amazon.co.jp/%E3%82%B5%E3%83%BC%E3%83%A2%E3%82%B9-%E3%83%87%E3%83%A5%E3%83%A9%E3%83%96%E3%83%AB%E3%82%B7%E3%83%AA%E3%83%BC%E3%82%BA-%E7%8E%89%E5%AD%90%E7%84%BC%E3%81%8D%E3%83%95%E3%83%A9%E3%82%A4%E3%83%91%E3%83%B3-13cm-KFF-013E/dp/B08DS1SB7Q/ref=zg_bs_kitchen_71?_encoding=UTF8&psc=1&refRID=27AHY3DED5DHHWZ4FV6E,サーモス デュラブルシリーズ 玉子焼きフライパン 13cm レッド IH対応 KFF-013E R,1951,6月4日 - 5日,B08DS1SB7Q
71,【Amazon.co.jp 限定】 西川 SEVENDAYS 敷きパッド パイル地 シングル 洗える タオル地 ふわふ…,https://www.amazon.co.jp/%E8%A5%BF%E5%B7%9D-Nishikawa-%E3%81%B5%E3%82%8F%E3%81%B5%E3%82%8F%E3%83%91%E3%82%A4%E3%83%AB-SEVENDAYS-PM09000540B/dp/B07N8YQNXY/ref=zg_bs_kitchen_72?_encoding=UTF8&psc=1&refRID=27AHY3DED5DHHWZ4FV6E,【Amazon.co.jp 限定】 西川 SEVENDAYS 敷きパッド パイル地 シングル 洗える タオル地 ふわふわパイル 綿100% セブンデイズ ブルー PM09000540B,1925,6月4日 - 5日,B07N8YQNXY
72,[KOCOTA] 抗菌防臭素材 スリッパ サンダル 超軽量 滑り止め 男女兼用,https://www.amazon.co.jp/KOCOTA-%E6%8A%97%E8%8F%8C%E9%98%B2%E8%87%AD%E7%B4%A0%E6%9D%90-%E3%82%B9%E3%83%AA%E3%83%83%E3%83%91-%E3%82%B5%E3%83%B3%E3%83%80%E3%83%AB-%E6%BB%91%E3%82%8A%E6%AD%A2%E3%82%81/dp/B07QXHY6R3/ref=zg_bs_kitchen_73?_encoding=UTF8&psc=1&refRID=27AHY3DED5DHHWZ4FV6E,[KOCOTA] 抗菌防臭素材 スリッパ サンダル 超軽量 滑り止め 男女兼用,1380,6月4日 - 5日,B079D5P4BT
73,トイレ掃除 スクラビングバブル 流せる トイレブラシ 本体ハンドル1本 + 付け替え用16個セット (4…,https://www.amazon.co.jp/%E3%82%B9%E3%82%AF%E3%83%A9%E3%83%93%E3%83%B3%E3%82%B0%E3%83%90%E3%83%96%E3%83%AB-%E6%B5%81%E3%81%9B%E3%82%8B%E3%83%88%E3%82%A4%E3%83%AC%E3%83%96%E3%83%A9%E3%82%B7-%E6%9C%AC%E4%BD%93%E3%83%8F%E3%83%B3%E3%83%89%E3%83%AB1%E6%9C%AC-%E3%83%95%E3%83%AD%E3%83%BC%E3%83%A9%E3%83%AB%E3%82%BD%E3%83%BC%E3%83%97%E3%81%AE%E9%A6%99%E3%82%8A4%E5%80%8B-%E3%83%95%E3%83%AD%E3%83%BC%E3%83%A9%E3%83%AB%E3%82%BD%E3%83%BC%E3%83%97%E3%81%AE%E9%A6%99%E3%82%8A12%E5%80%8B/dp/B085SJGVZQ/ref=zg_bs_kitchen_74?_encoding=UTF8&psc=1&refRID=27AHY3DED5DHHWZ4FV6E,トイレ掃除 スクラビングバブル 流せる トイレブラシ 本体ハンドル1本 + 付け替え用16個セット (4個入り+12個入り) フローラルソープの香り まとめ買い 使い捨て 洗剤,1200,"初回配送は6月 4日, 金曜日です",B085SJGVZQ
74,VK Living カーペット ラグ 洗える 滑り止め付 防ダニ 抗菌 防臭 135×185cm(約1.5畳) 12色選べ…,https://www.amazon.co.jp/135%C3%97185cm-%E3%83%9B%E3%83%83%E3%83%88%E3%82%AB%E3%83%BC%E3%83%9A%E3%83%83%E3%83%88%E5%AF%BE%E5%BF%9C-%E3%83%88%E3%83%A9%E3%82%A4%E3%82%A2%E3%83%B3%E3%82%B0%E3%83%AB%E6%9F%84%E3%83%BB%E3%82%B0%E3%83%AC%E3%83%BC-VK-Living/dp/B07H79F7S2/ref=zg_bs_kitchen_75?_encoding=UTF8&psc=1&refRID=27AHY3DED5DHHWZ4FV6E,VK Living カーペット ラグ 洗える 滑り止め付 防ダニ 抗菌 防臭 135×185cm(約1.5畳) 12色選べる 1年中使えるタイプ 北欧 ふわっと手触り 優しいフランネルラグ 絨毯 トライアングル柄・グレー,,6月4日 - 5日,B07H79F7S2
75,象印 (ZOJIRUSHI) 水筒 ワンタッチ ステンレスマグ シームレス 0.36L アイスグレー SM-WA36-HL,https://www.amazon.co.jp/ZOJIRUSHI-%E3%83%AF%E3%83%B3%E3%82%BF%E3%83%83%E3%83%81-%E3%82%B9%E3%83%86%E3%83%B3%E3%83%AC%E3%82%B9%E3%83%9E%E3%82%B0-%E3%82%A2%E3%82%A4%E3%82%B9%E3%82%B0%E3%83%AC%E3%83%BC-SM-WA36-HL/dp/B08TM3PBS4/ref=zg_bs_kitchen_76?_encoding=UTF8&psc=1&refRID=27AHY3DED5DHHWZ4FV6E,象印 (ZOJIRUSHI) 水筒 ワンタッチ ステンレスマグ シームレス 0.36L アイスグレー SM-WA36-HL,2780,6月4日 - 5日,B08TM3PBS4
76,【Amazon.co.jp 限定】チチロバ(TITIROBA) ゲルクッション 二重 無重力 クッション 座布団 通気…,https://www.amazon.co.jp/%E3%83%81%E3%83%81%E3%83%AD%E3%83%90-TITIROBA-%E3%82%B2%E3%83%AB%E3%82%AF%E3%83%83%E3%82%B7%E3%83%A7%E3%83%B3-%E8%85%B0%E6%A5%BD%E3%82%AF%E3%83%83%E3%82%B7%E3%83%A7%E3%83%B3-ZD-03%E3%80%90Amazon-co-jp/dp/B0862RW5MG/ref=zg_bs_kitchen_77?_encoding=UTF8&psc=1&refRID=27AHY3DED5DHHWZ4FV6E,【Amazon.co.jp 限定】チチロバ(TITIROBA) ゲルクッション 二重 無重力 クッション 座布団 通気性 ハニカム構造 蒸れない 座り心地 両面使用可能 在宅勤務 テレワーク オフィス 車 椅子 自宅用 夏用 洗える カバー ZD-03,2206,6月4日 金曜日,B0862RW5MG
77,山崎実業 キッチンエコスタンド ブラック 約W12×D9.5×H26.5cm タワー 6785,https://www.amazon.co.jp/%E5%B1%B1%E5%B4%8E%E5%AE%9F%E6%A5%AD-%E3%82%AD%E3%83%83%E3%83%81%E3%83%B3%E3%82%A8%E3%82%B3%E3%82%B9%E3%82%BF%E3%83%B3%E3%83%89-%E3%83%96%E3%83%A9%E3%83%83%E3%82%AF-%E7%B4%84W12%C3%97D9-5%C3%97H26-5cm-6785/dp/B004TIVSP0/ref=zg_bs_kitchen_78?_encoding=UTF8&psc=1&refRID=27AHY3DED5DHHWZ4FV6E,山崎実業 キッチンエコスタンド ブラック 約W12×D9.5×H26.5cm タワー 6785,1320,6月4日 金曜日,B004TIVSP0
78,dretec(ドリテック) パルスオキシメーター オリジナルカラー 酸素濃度計 医療用 家庭用 国内検査…,https://www.amazon.co.jp/dretec-%E3%83%91%E3%83%AB%E3%82%B9%E3%82%AA%E3%82%AD%E3%82%B7%E3%83%A1%E3%83%BC%E3%82%BF%E3%83%BC-%E3%80%90%E8%A6%8B%E3%82%84%E3%81%99%E3%81%84%E5%8F%8D%E8%BB%A2%E6%B6%B2%E6%99%B6%E3%80%91-OX-101WTDI-%E5%B0%82%E7%94%A8%E3%83%9D%E3%83%BC%E3%83%81%E4%BB%98%E3%81%8D/dp/B07527H5CD/ref=zg_bs_kitchen_79?_encoding=UTF8&psc=1&refRID=27AHY3DED5DHHWZ4FV6E,dretec(ドリテック) パルスオキシメーター オリジナルカラー 酸素濃度計 医療用 家庭用 国内検査済み 一年保証 医療機器認証取得済,7480,6月4日 金曜日,B07527H5CD
79,U-miss 首掛け扇風機 ネックファン 携帯 ポータブル 扇風機 USB充電式 3段階風力調節 360°角度…,https://www.amazon.co.jp/U-miss-%E9%A6%96%E6%8E%9B%E3%81%91%E6%89%87%E9%A2%A8%E6%A9%9F-3%E6%AE%B5%E9%9A%8E%E9%A2%A8%E5%8A%9B%E8%AA%BF%E7%AF%80-360%C2%B0%E8%A7%92%E5%BA%A6%E8%AA%BF%E6%95%B4-%E3%80%90%E4%B8%80%E5%B9%B4%E9%96%93%E4%BF%9D%E8%A8%BC%E4%BB%98%E3%81%8D%E3%80%91/dp/B08ZSQ1GQV/ref=zg_bs_kitchen_80?_encoding=UTF8&psc=1&refRID=27AHY3DED5DHHWZ4FV6E,U-miss 首掛け扇風機 ネックファン 携帯 ポータブル 扇風機 USB充電式 3段階風力調節 360°角度調整 ハンズフリー 小型 静音 コンパクト アウトドア 【一年間保証付き】,,6月4日 - 5日,B08ZSQ1GQV
80,SALONIA サロニア ストレートヒートブラシ スリム ブラック 海外対応 MAX210℃ 50W セラミ…,https://www.amazon.co.jp/SALONIA-%E3%82%B5%E3%83%AD%E3%83%8B%E3%82%A2-%E3%82%B9%E3%83%88%E3%83%AC%E3%83%BC%E3%83%88%E3%83%92%E3%83%BC%E3%83%88%E3%83%96%E3%83%A9%E3%82%B7-%E3%83%96%E3%83%A9%E3%83%83%E3%82%AF-MAX210%E2%84%83/dp/B07XRHQ7Z6/ref=zg_bs_kitchen_81?_encoding=UTF8&psc=1&refRID=27AHY3DED5DHHWZ4FV6E,SALONIA サロニア ストレートヒートブラシ スリム ブラック 海外対応 MAX210℃ 50W セラミックコーディング 誤作動防止 マイナスイオン,3282,6月4日 - 5日,B07XRHQ7Z6
81,【Amazon.co.jp 限定】 西川 リビング タオルケット シングル 綿100% オーガニックコットン 無農…,https://www.amazon.co.jp/%E8%A5%BF%E5%B7%9D%E3%83%AA%E3%83%93%E3%83%B3%E3%82%B0-%E3%82%BF%E3%82%AA%E3%83%AB%E3%82%B1%E3%83%83%E3%83%88-140%C3%97190cm-PO-11-2032-71176/dp/B01G8W52OC/ref=zg_bs_kitchen_82?_encoding=UTF8&psc=1&refRID=27AHY3DED5DHHWZ4FV6E,【Amazon.co.jp 限定】 西川 リビング タオルケット シングル 綿100% オーガニックコットン 無農薬 西川コットンファーム 洗える グレー PO-11 203271176,2660,6月4日 - 5日,B01G8W52OC
82,ナイスデイ 【 TEIJIN (帝人) 快適清潔シリーズ 】 肌布団 ケット グレー シングル (150×210cm)ふ…,https://www.amazon.co.jp/%E3%83%8A%E3%82%A4%E3%82%B9%E3%83%87%E3%82%A4-150%C3%97210cm-%E7%BE%BD%E6%AF%9B%E3%81%AE%E3%82%88%E3%81%86%E3%81%AA%E3%82%84%E3%82%8F%E3%82%89%E3%81%8B%E4%BB%95%E7%AB%8B%E3%81%A6-%E3%82%AA%E3%83%BC%E3%83%AB%E3%82%B7%E3%83%BC%E3%82%BA%E3%83%B3%E4%BD%BF%E3%81%88%E3%82%8B-86610113/dp/B091C22P3C/ref=zg_bs_kitchen_83?_encoding=UTF8&psc=1&refRID=27AHY3DED5DHHWZ4FV6E,ナイスデイ 【 TEIJIN (帝人) 快適清潔シリーズ 】 肌布団 ケット グレー シングル (150×210cm)ふんわり ふわふわ 羽毛のようなやわらか仕立て オールシーズン使える 抗菌 防臭 肌掛け 布団 キルトケット 春夏用 洗える 86610113,3877,6月4日 - 5日,B091C22P3C
83,【Amazon.co.jp 限定セット】東京 西川 日本製 洗って使える マスク 4枚組 伸縮ニット生地 男女兼…,https://www.amazon.co.jp/%E3%80%90Amazon-co-jp-%E4%BC%B8%E7%B8%AE%E7%B4%A0%E6%9D%90%E3%81%A7%E3%81%8A%E9%A1%94%E3%81%AB%E3%83%95%E3%82%A3%E3%83%83%E3%83%88-%E9%A3%9B%E6%B2%AB%E9%98%B2%E6%AD%A2-%E8%80%B3%E3%81%8C%E7%97%9B%E3%81%8F%E3%81%AA%E3%82%8A%E3%81%AB%E3%81%8F%E3%81%84-%E6%9C%89%E5%AE%B3%E5%8C%96%E5%AD%A6%E7%89%A9%E8%B3%AA%E6%A4%9C%E6%9F%BB%E6%B8%88%E3%83%9E%E3%82%B9%E3%82%AF-PG90009524W/dp/B089CHWJ6H/ref=zg_bs_kitchen_84?_encoding=UTF8&psc=1&refRID=27AHY3DED5DHHWZ4FV6E,【Amazon.co.jp 限定セット】東京 西川 日本製 洗って使える マスク 4枚組 伸縮ニット生地 男女兼用 Lサイズ 100回洗濯OK 繰り返し使える 花粉 対策 UVカット 紫外線対策 飛沫防止 耳が痛くなりにくい 個包装 有害化学物質検査済マスク ホワイト 白 PG90009524W,2190,6月4日 金曜日,B089CHWJ6H
84,体重計 INSMART 体脂肪計・体組成計 スマホ連動 強化ガラス採用 体重など多項指標 高精度 体重計…,https://www.amazon.co.jp/INSMART-%E4%BD%93%E8%84%82%E8%82%AA%E3%83%BB%E4%BD%93%E7%B5%84%E6%88%90%E8%A8%88-BMI%E3%81%AA%E3%81%A9%E6%B8%AC%E5%AE%9A%E5%8F%AF%E8%83%BD-%E3%83%9C%E3%83%87%E3%82%A3%E3%82%B9%E3%82%B1%E3%83%BC%E3%83%AB-%E6%97%A5%E6%9C%AC%E8%AA%9E%E5%AF%BE%E5%BF%9CAPP%EF%BC%86%E5%8F%96%E6%89%B1%E8%AA%AC%E6%98%8E%E6%9B%B8/dp/B082SQX6TD/ref=zg_bs_kitchen_85?_encoding=UTF8&psc=1&refRID=27AHY3DED5DHHWZ4FV6E,体重計 INSMART 体脂肪計・体組成計 スマホ連動 強化ガラス採用 体重など多項指標 高精度 体重計 Bluetooth対応 ボディスケール(日本語対応APP＆日本語取扱説明書),2099,6月4日 - 5日,B082SQX6TD
85,レック 激落ち おそうじスリッパ NEO グリーン S-534,https://www.amazon.co.jp/%E3%83%AC%E3%83%83%E3%82%AF-%E6%BF%80%E8%90%BD%E3%81%A1-%E3%81%8A%E3%81%9D%E3%81%86%E3%81%98%E3%82%B9%E3%83%AA%E3%83%83%E3%83%91-NEO-%E3%82%B0%E3%83%AA%E3%83%BC%E3%83%B3/dp/B0090B7AGW/ref=zg_bs_kitchen_86?_encoding=UTF8&psc=1&refRID=27AHY3DED5DHHWZ4FV6E,レック 激落ち おそうじスリッパ NEO グリーン S-534,1100,6月4日 - 5日,B0090B7AGW
86,アイリスオーヤマ カラーボックス 収納ボックス 本棚 3段 幅36.6×奥行29×高さ73.2cm ウォールナ…,https://www.amazon.co.jp/%E3%82%A2%E3%82%A4%E3%83%AA%E3%82%B9%E3%82%AA%E3%83%BC%E3%83%A4%E3%83%9E-%E3%83%A2%E3%82%B8%E3%83%A5%E3%83%BC%E3%83%AB%E3%83%9C%E3%83%83%E3%82%AF%E3%82%B9-%E3%82%A6%E3%82%A9%E3%83%BC%E3%83%AB%E3%83%8A%E3%83%83%E3%83%88-%E5%B9%85%E7%B4%8436-6%C3%97%E5%A5%A5%E8%A1%8C%E7%B4%8429%C3%97%E9%AB%98%E3%81%95%E7%B4%8473-2-%E5%9B%BA%E5%AE%9A%E6%A3%9A%E5%86%85%E5%AF%B8/dp/B07JW2MW5S/ref=zg_bs_kitchen_87?_encoding=UTF8&psc=1&refRID=27AHY3DED5DHHWZ4FV6E,アイリスオーヤマ カラーボックス 収納ボックス 本棚 3段 幅36.6×奥行29×高さ73.2cm ウォールナットブラウン モジュールボックス MDB-3,1760,6月4日 - 5日,B07JW2MW5S
87,HARIO(ハリオ) 冷蔵庫 ポット オフホワイト 1400ml 日本製 RPLN-14-OW & 耐熱ガラスカ…,https://www.amazon.co.jp/HARIO-%E3%83%8F%E3%83%AA%E3%82%AA-RPLN-14-OW-%E8%80%90%E7%86%B1%E3%82%AC%E3%83%A9%E3%82%B9%E3%82%AB%E3%83%83%E3%83%975%E5%80%8B%E3%82%BB%E3%83%83%E3%83%88-HU-3012%E3%80%90%E3%82%BB%E3%83%83%E3%83%88%E8%B2%B7%E3%81%84%E3%80%91/dp/B08LDYX2W6/ref=zg_bs_kitchen_88?_encoding=UTF8&psc=1&refRID=27AHY3DED5DHHWZ4FV6E,HARIO(ハリオ) 冷蔵庫 ポット オフホワイト 1400ml 日本製 RPLN-14-OW & 耐熱ガラスカップ5個セット 電子レンジ/オーブン/食洗機対応 170ml 日本製 HU-3012【セット買い】,1683,明日,B08LDYX2W6
88,高木金属 グリルパン グリルトレー フッ素3層コート ワイド トライプラス GK-W,https://www.amazon.co.jp/%E9%AB%98%E6%9C%A8%E9%87%91%E5%B1%9E-%E3%83%95%E3%83%83%E7%B4%A0%E6%A8%B9%E8%84%823%E5%B1%A4%E3%82%B3%E3%83%BC%E3%83%88-%E3%83%88%E3%83%A9%E3%82%A4%E3%83%97%E3%83%A9%E3%82%B9-%E3%82%B0%E3%83%AA%E3%83%AB%E3%83%88%E3%83%AC%E3%83%BC-GK-W/dp/B07DJV511T/ref=zg_bs_kitchen_89?_encoding=UTF8&psc=1&refRID=27AHY3DED5DHHWZ4FV6E,高木金属 グリルパン グリルトレー フッ素3層コート ワイド トライプラス GK-W,1055,6月4日 - 5日,B07DJV511T
89,山崎実業 ベーシック 平型アイロン台アルミコート3633 メッシュあて布付き,https://www.amazon.co.jp/%E5%B1%B1%E5%B4%8E%E5%AE%9F%E6%A5%AD-Yamazaki-%E3%83%99%E3%83%BC%E3%82%B7%E3%83%83%E3%82%AF-%E5%B9%B3%E5%9E%8B%E3%82%A2%E3%82%A4%E3%83%AD%E3%83%B3%E5%8F%B0%E3%82%A2%E3%83%AB%E3%83%9F%E3%82%B3%E3%83%BC%E3%83%883633-%E3%83%A1%E3%83%83%E3%82%B7%E3%83%A5%E3%81%82%E3%81%A6%E5%B8%83%E4%BB%98%E3%81%8D/dp/B085GN9G5P/ref=zg_bs_kitchen_90?_encoding=UTF8&psc=1&refRID=27AHY3DED5DHHWZ4FV6E,山崎実業 ベーシック 平型アイロン台アルミコート3633 メッシュあて布付き,1379,"6月 4日の金曜日, 8AM-12PM",B085GN9G5P
90,ヨシカワ ホットサンドメーカー 焼き目がサクサク シングル フッ素加工 ななめ焼き目 ガス火専用…,https://www.amazon.co.jp/%E3%83%A8%E3%82%B7%E3%82%AB%E3%83%AF-%E3%83%9B%E3%83%83%E3%83%88%E3%82%B5%E3%83%B3%E3%83%89%E3%83%A1%E3%83%BC%E3%82%AB%E3%83%BC-%E7%84%BC%E3%81%8D%E7%9B%AE%E3%81%8C%E3%82%B5%E3%82%AF%E3%82%B5%E3%82%AF-%E3%82%AC%E3%82%B9%E7%81%AB%E5%B0%82%E7%94%A8-SJ2408/dp/B01MZ203IG/ref=zg_bs_kitchen_91?_encoding=UTF8&psc=1&refRID=27AHY3DED5DHHWZ4FV6E,ヨシカワ ホットサンドメーカー 焼き目がサクサク シングル フッ素加工 ななめ焼き目 ガス火専用 SJ2408,1473,6月4日 - 5日,B01MZ203IG
91,IKSTAR クッション 低反発 座布団 座り心地抜群 とって付き プレゼント 持ち運ぶ便利 ブラック,https://www.amazon.co.jp/IKSTAR-%E3%82%AF%E3%83%83%E3%82%B7%E3%83%A7%E3%83%B3-%E8%85%B0%E6%A5%BD%E3%82%AF%E3%83%83%E3%82%B7%E3%83%A7%E3%83%B3-%E5%BA%A7%E3%82%8A%E5%BF%83%E5%9C%B0%E6%8A%9C%E7%BE%A4-%E6%8C%81%E3%81%A1%E9%81%8B%E3%81%B6%E4%BE%BF%E5%88%A9/dp/B07K1PFTJS/ref=zg_bs_kitchen_92?_encoding=UTF8&psc=1&refRID=27AHY3DED5DHHWZ4FV6E,IKSTAR クッション 低反発 座布団 座り心地抜群 とって付き プレゼント 持ち運ぶ便利 ブラック,3999,6月4日 - 5日,B07K1PFTJS
92,山崎実業(Yamazaki) 電子レンジ庫内汚れ防止シリコンマット ブラック 約W35XD29XH0.3cm タ…,https://www.amazon.co.jp/%E5%B1%B1%E5%B4%8E%E5%AE%9F%E6%A5%AD-Yamazaki-%E9%9B%BB%E5%AD%90%E3%83%AC%E3%83%B3%E3%82%B8%E5%BA%AB%E5%86%85%E6%B1%9A%E3%82%8C%E9%98%B2%E6%AD%A2%E3%82%B7%E3%83%AA%E3%82%B3%E3%83%B3%E3%83%9E%E3%83%83%E3%83%88-%E7%B4%84W35XD29XH0-3cm-5040/dp/B086T57J1Y/ref=zg_bs_kitchen_93?_encoding=UTF8&psc=1&refRID=27AHY3DED5DHHWZ4FV6E,山崎実業(Yamazaki) 電子レンジ庫内汚れ防止シリコンマット ブラック 約W35XD29XH0.3cm タワー 耐熱 滑り止め 電子レンジ対応 ランチョンマット 5040,1540,6月4日 金曜日,B086T57J1Y
93,Vacplus ふとん 圧縮袋 3枚組【 100×80cm×3枚 ポンプ付き 終身交換承り】 衣類圧縮袋 布団圧縮…,https://www.amazon.co.jp/Vacplus-%E3%83%9D%E3%83%B3%E3%83%97%E4%BB%98%E3%81%8D-%E7%B5%82%E8%BA%AB%E4%BA%A4%E6%8F%9B%E6%89%BF%E3%82%8A%E3%80%91-%E3%83%80%E3%83%8B%E3%80%81%E3%82%AB%E3%83%93%E5%AF%BE%E7%AD%96-100%C3%9780cm/dp/B072KNGY9P/ref=zg_bs_kitchen_94?_encoding=UTF8&psc=1&refRID=27AHY3DED5DHHWZ4FV6E,Vacplus ふとん 圧縮袋 3枚組【 100×80cm×3枚 ポンプ付き 終身交換承り】 衣類圧縮袋 布団圧縮袋 ダニ、カビ対策 (100×80cm),1380,6月4日 - 5日,B072KNGY9P
94,【2019冬限定】SALONIA サロニア セラミック カール ヘアアイロン 海外対応 プロ仕様…,https://www.amazon.co.jp/%E3%80%902019%E5%86%AC%E9%99%90%E5%AE%9A%E3%80%91SALONIA-%E3%82%B5%E3%83%AD%E3%83%8B%E3%82%A2-%E3%83%98%E3%82%A2%E3%82%A2%E3%82%A4%E3%83%AD%E3%83%B3-MAX210%E2%84%83-%E3%83%8C%E3%83%BC%E3%83%87%E3%82%A3%E3%83%BC%E3%83%94%E3%83%B3%E3%82%AF/dp/B07YFSSXMS/ref=zg_bs_kitchen_95?_encoding=UTF8&psc=1&refRID=27AHY3DED5DHHWZ4FV6E,"【2019冬限定】SALONIA サロニア セラミック カール ヘアアイロン 海外対応 プロ仕様 MAX210℃ (19mm, ヌーディーピンク)",4590,6月4日 - 5日,B07YFSSXMS
95,クリンビューガラスコートハイブリッドストロング(自動車外窓ガラス及びガラス製ミラーの表面保…,https://www.amazon.co.jp/%E3%82%AF%E3%83%AA%E3%83%B3%E3%83%93%E3%83%A5%E3%83%BC%E3%82%AC%E3%83%A9%E3%82%B9%E3%82%B3%E3%83%BC%E3%83%88%E3%83%8F%E3%82%A4%E3%83%96%E3%83%AA%E3%83%83%E3%83%89%E3%82%B9%E3%83%88%E3%83%AD%E3%83%B3%E3%82%B0-%E8%87%AA%E5%8B%95%E8%BB%8A%E5%A4%96%E7%AA%93%E3%82%AC%E3%83%A9%E3%82%B9%E5%8F%8A%E3%81%B3%E3%82%AC%E3%83%A9%E3%82%B9%E8%A3%BD%E3%83%9F%E3%83%A9%E3%83%BC%E3%81%AE%E8%A1%A8%E9%9D%A2%E4%BF%9D%E8%AD%B7%E3%83%BB%E6%92%A5%E6%B0%B4%E3%82%B3%E3%83%BC%E3%83%86%E3%82%A3%E3%83%B3%E3%82%B0%E5%89%A4-%E3%80%90%E3%82%AF%E3%83%AA%E3%83%B3%E3%83%93%E3%83%A5%E3%83%BC%E3%80%91-%E3%82%AF%E3%83%AA%E3%83%B3%E3%83%93%E3%83%A5%E3%83%BCLL-%E3%82%AC%E3%83%A9%E3%82%B9%E3%82%AF%E3%83%AA%E3%83%BC%E3%83%8A%E3%83%BC%E3%80%90%E3%82%BB%E3%83%83%E3%83%88%E8%B2%B7%E3%81%84%E3%80%91/dp/B08L3SCP59/ref=zg_bs_kitchen_96?_encoding=UTF8&psc=1&refRID=27AHY3DED5DHHWZ4FV6E,クリンビューガラスコートハイブリッドストロング(自動車外窓ガラス及びガラス製ミラーの表面保護・撥水コーティング剤)110ml 20885 & 【クリンビュー】 クリンビューLL ガラスクリーナー【セット買い】,1212,6月5日 土曜日,B08L3SCP59
96,MyeFoam マットレス 高反発 シングル 敷布団 ベットマットレス ｢超ぐっすりで首、肩や腰の悩み…,https://www.amazon.co.jp/MyeFoam-%E3%83%9E%E3%83%83%E3%83%88%E3%83%AC%E3%82%B9-%E3%83%99%E3%83%83%E3%83%88%E3%83%9E%E3%83%83%E3%83%88%E3%83%AC%E3%82%B9-%EF%BD%A2%E8%B6%85%E3%81%90%E3%81%A3%E3%81%99%E3%82%8A%E3%81%A7%E9%A6%96%E3%80%81%E8%82%A9%E3%82%84%E8%85%B0%E3%81%AE%E6%82%A9%E3%81%BF%E3%81%8B%E3%82%89%E8%A7%A3%E6%94%BE%EF%BD%A3-%E3%82%AB%E3%83%90%E3%83%BC%E6%B4%97%E3%81%88%E3%82%8B/dp/B077JN968F/ref=zg_bs_kitchen_97?_encoding=UTF8&psc=1&refRID=27AHY3DED5DHHWZ4FV6E,MyeFoam マットレス 高反発 シングル 敷布団 ベットマットレス ｢超ぐっすりで首、肩や腰の悩みから解放｣ 防ダニ 抗菌防臭 厚さ３cm カバー洗える,4983,6月4日 - 5日,B077JN968F
97,サーモス スポーツ保冷バッグ 3L ブラックオレンジ REY-003 BKOR,https://www.amazon.co.jp/%E3%82%B5%E3%83%BC%E3%83%A2%E3%82%B9-%E3%82%B9%E3%83%9D%E3%83%BC%E3%83%84%E4%BF%9D%E5%86%B7%E3%83%90%E3%83%83%E3%82%B0-%E3%83%96%E3%83%A9%E3%83%83%E3%82%AF%E3%82%AA%E3%83%AC%E3%83%B3%E3%82%B8-REY-003-BKOR/dp/B084H9G7QF/ref=zg_bs_kitchen_98?_encoding=UTF8&psc=1&refRID=27AHY3DED5DHHWZ4FV6E,サーモス スポーツ保冷バッグ 3L ブラックオレンジ REY-003 BKOR,1227,6月4日 - 5日,B084H9G7QF
98,ツインバード サイクロンスティッククリーナー 2WAY 掃除機 スケルトンブラック TC-E123SBK,https://www.amazon.co.jp/%E3%83%84%E3%82%A4%E3%83%B3%E3%83%90%E3%83%BC%E3%83%89-%E3%82%B5%E3%82%A4%E3%82%AF%E3%83%AD%E3%83%B3%E3%82%B9%E3%83%86%E3%82%A3%E3%83%83%E3%82%AF%E5%9E%8B%E3%82%AF%E3%83%AA%E3%83%BC%E3%83%8A%E3%83%BC-%E3%82%B9%E3%82%B1%E3%83%AB%E3%83%88%E3%83%B3%E3%83%96%E3%83%A9%E3%83%83%E3%82%AF-%E6%8E%83%E9%99%A4%E6%A9%9F-TC-E123SBK/dp/B0098D4GYG/ref=zg_bs_kitchen_99?_encoding=UTF8&psc=1&refRID=27AHY3DED5DHHWZ4FV6E,ツインバード サイクロンスティッククリーナー 2WAY 掃除機 スケルトンブラック TC-E123SBK,3317,6月4日 - 5日,B0098D4GYG
99,HARIO (ハリオ) フィルターイン コーヒーボトル 650ml ショコラブラウン FIC-70 CBR & (ハリ…,https://www.amazon.co.jp/HARIO-%E3%83%8F%E3%83%AA%E3%82%AA-%E3%82%B7%E3%83%A7%E3%82%B3%E3%83%A9%E3%83%96%E3%83%A9%E3%82%A6%E3%83%B3-%E3%83%95%E3%82%A3%E3%83%AB%E3%82%BF%E3%83%BC%E3%82%A4%E3%83%B3%E3%83%9C%E3%83%88%E3%83%AB-FIB-75-OG%E3%80%90%E3%82%BB%E3%83%83%E3%83%88%E8%B2%B7%E3%81%84%E3%80%91/dp/B081GRGHTZ/ref=zg_bs_kitchen_100?_encoding=UTF8&psc=1&refRID=27AHY3DED5DHHWZ4FV6E,HARIO (ハリオ) フィルターイン コーヒーボトル 650ml ショコラブラウン FIC-70 CBR & (ハリオ) フィルターインボトル 750ml オリーブグリーン FIB-75-OG【セット買い】,3045,6月12日 - 23日,B081GRGHTZ
